Dataset,Sex,NumberOfFootprints,UniqueIndividuals,UniqueTrails,MeanFootprintsPerIndividual,SDFootprintsPerIndividual,MeanTrailsPerIndividual,SDTrailsPerIndividual,Species
amur_tiger Test,Female,80,5,12,16.0,2.28,2.4,0.49,panthera tigris altaica
amur_tiger Test,Male,52,4,9,13.0,0.71,2.25,0.43,panthera tigris altaica
amur_tiger Test,Unknown,0,0,0,0.0,0.0,0.0,0.0,panthera tigris altaica
amur_tiger Train,Female,264,18,38,14.67,4.28,2.11,0.66,panthera tigris altaica
amur_tiger Train,Male,209,17,29,12.29,3.89,1.76,0.81,panthera tigris altaica
amur_tiger Train,Unknown,0,0,0,0.0,0.0,0.0,0.0,panthera tigris altaica
bengal_tiger Inference,Female,0,0,0,0.0,0.0,0.0,0.0,panthera tigris tigris
bengal_tiger Inference,Male,0,0,0,0.0,0.0,0.0,0.0,panthera tigris tigris
bengal_tiger Inference,Unknown,38,6,7,6.33,1.97,1.17,0.37,panthera tigris tigris
bengal_tiger Test,Female,34,3,5,11.33,4.92,1.67,0.47,panthera tigris tigris
bengal_tiger Test,Male,37,4,6,9.25,3.49,1.5,0.5,panthera tigris tigris
bengal_tiger Test,Unknown,0,0,0,0.0,0.0,0.0,0.0,panthera tigris tigris
bengal_tiger Train,Female,186,12,28,15.5,7.62,2.33,1.11,panthera tigris tigris
bengal_tiger Train,Male,291,15,41,19.4,6.87,2.73,1.0,panthera tigris tigris
bengal_tiger Train,Unknown,0,0,0,0.0,0.0,0.0,0.0,panthera tigris tigris
cheetah Test,Female,70,3,10,23.33,4.5,3.33,0.47,acinonyx jubatus
cheetah Test,Male,94,5,13,18.8,7.03,2.6,1.02,acinonyx jubatus
cheetah Test,Unknown,0,0,0,0.0,0.0,0.0,0.0,acinonyx jubatus
cheetah Train,Female,316,13,45,24.31,7.48,3.46,0.93,acinonyx jubatus
cheetah Train,Male,301,17,42,17.71,7.9,2.47,1.19,acinonyx jubatus
cheetah Train,Unknown,0,0,0,0.0,0.0,0.0,0.0,acinonyx jubatus
eurasian_otter Inference,Female,0,0,0,0.0,0.0,0.0,0.0,lutra lutra
eurasian_otter Inference,Male,0,0,0,0.0,0.0,0.0,0.0,lutra lutra
eurasian_otter Inference,Unknown,81,1,8,81.0,0.0,8.0,0.0,lutra lutra
eurasian_otter Test,Female,87,7,12,12.43,7.17,2.0,1.07,lutra lutra
eurasian_otter Test,Male,80,7,12,11.43,6.23,1.71,0.88,lutra lutra
eurasian_otter Test,Unknown,0,0,0,0.0,0.0,0.0,0.0,lutra lutra
eurasian_otter Train,Female,219,13,29,16.85,6.49,3.0,0.78,lutra lutra
eurasian_otter Train,Male,161,14,22,11.5,5.18,1.79,0.77,lutra lutra
eurasian_otter Train,Unknown,0,0,0,0.0,0.0,0.0,0.0,lutra lutra
giant_panda Test,Female,58,5,8,11.6,7.28,1.6,0.8,ailuropoda melanoleuca
giant_panda Test,Male,56,4,7,14.0,6.12,1.75,0.83,ailuropoda melanoleuca
giant_panda Test,Unknown,0,0,0,0.0,0.0,0.0,0.0,ailuropoda melanoleuca
giant_panda Train,Female,243,17,36,14.29,8.51,2.12,1.02,ailuropoda melanoleuca
giant_panda Train,Male,166,16,26,10.38,9.23,1.62,1.05,ailuropoda melanoleuca
giant_panda Train,Unknown,0,0,0,0.0,0.0,0.0,0.0,ailuropoda melanoleuca
lowlandtapir Inference,Female,0,0,0,0.0,0.0,0.0,0.0,tapirus terrestris
lowlandtapir Inference,Male,0,0,0,0.0,0.0,0.0,0.0,tapirus terrestris
lowlandtapir Inference,Unknown,4,1,1,4.0,0.0,1.0,0.0,tapirus terrestris
lowlandtapir Test,Female,42,4,7,10.5,2.5,1.75,0.43,tapirus terrestris
lowlandtapir Test,Male,41,4,6,10.25,2.49,1.5,0.5,tapirus terrestris
lowlandtapir Test,Unknown,0,0,0,0.0,0.0,0.0,0.0,tapirus terrestris
lowlandtapir Train,Female,150,15,24,10.0,3.44,1.6,0.49,tapirus terrestris
lowlandtapir Train,Male,189,13,26,14.54,8.34,2.0,1.04,tapirus terrestris
lowlandtapir Train,Unknown,0,0,0,0.0,0.0,0.0,0.0,tapirus terrestris
mountain_lion Test,Female,61,4,9,15.25,5.54,2.25,0.83,puma concolor
mountain_lion Test,Male,44,3,6,14.67,1.89,2.0,0.0,puma concolor
mountain_lion Test,Unknown,0,0,0,0.0,0.0,0.0,0.0,puma concolor
mountain_lion Train,Female,239,15,36,15.93,3.96,2.4,0.61,puma concolor
mountain_lion Train,Male,191,13,28,14.69,5.16,2.15,0.86,puma concolor
mountain_lion Train,Unknown,0,0,0,0.0,0.0,0.0,0.0,puma concolor
white_rhino Test,Female,203,5,25,40.6,14.09,5.6,1.85,ceratotherium simum
white_rhino Test,Male,129,4,16,32.25,12.4,4.5,1.5,ceratotherium simum
white_rhino Test,Unknown,0,0,0,0.0,0.0,0.0,0.0,ceratotherium simum
white_rhino Train,Female,439,16,55,27.44,15.8,3.88,2.0,ceratotherium simum
white_rhino Train,Male,502,16,61,31.38,22.77,4.25,2.75,ceratotherium simum
white_rhino Train,Unknown,0,0,0,0.0,0.0,0.0,0.0,ceratotherium simum
