species,mean_test_accuracy,mean_test_balanced_accuracy,mean_test_neg_log_loss,clf,outlier,reduce_post__method,reduce_pre__method,scale,select__k,select__method,female_train_acc,male_train_acc,balanced_train_acc,accuracy_train,female_test_acc,male_test_acc,balanced_test_acc,accuracy_test,f1_test,precision_test,recall_test,roc_auc_test,female_full_acc,male_full_acc,balanced_full_acc,accuracy_full,f1_full,precision_full,recall_full,roc_auc_full,maj_train_count,maj_train_wrong,maj_train_pct,maj_test_count,maj_test_wrong,maj_test_pct,maj_full_count,maj_full_wrong,maj_full_pct,pipeline_id
white_rhino,0.48044200453082303,0.4598970988919818,-1.3917177835734076,"XGBClassifier(base_score=None, booster=None, callbacks=None,
              colsample_bylevel=None, colsample_bynode=None,
              colsample_bytree=None, device=None, early_stopping_rounds=None,
              enable_categorical=False, eval_metric=None, feature_types=None,
              feature_weights=None, gamma=None, grow_policy=None,
              importance_type=None, interaction_constraints=None,
              learning_rate=None, max_bin=None, max_cat_threshold=None,
              max_cat_to_onehot=None, max_delta_step=None, max_depth=None,
              max_leaves=None, min_child_weight=None, missing=nan,
              monotone_constraints=None, multi_strategy=None, n_estimators=100,
              n_jobs=None, num_parallel_tree=None, ...)",OutlierCleanerTransformer(),None,pca,FeatureScalerTransformer(),4,lasso,1.0,1.0,1.0,1.0,0.33227581941867657,0.4137537993920973,0.3209484551396316,0.3202416918429003,0.2946708463949843,0.26857142857142857,0.3263888888888889,0.27473262032085566,0.8410180522425422,0.8827507598784194,0.8234494028664385,0.8232521602513747,0.8259860788863109,0.8066465256797583,0.8462757527733756,0.8723679468380803,32,0,1.0,2,7,0.2222222222222222,34,7,0.8292682926829268,"outlier=OutlierCleanerTransformer();scale=FeatureScalerTransformer();reduce_pre__method=pca;select__method=lasso;select__k=4;reduce_post__method=None;clf=XGBClassifier(base_score=None, booster=None, callbacks=None,
              colsample_bylevel=None, colsample_bynode=None,
              colsample_bytree=None, device=None, early_stopping_rounds=None,
              enable_categorical=False, eval_metric=None, feature_types=None,
              feature_weights=None, gamma=None, grow_policy=None,
              importance_type=None, interaction_constraints=None,
              learning_rate=None, max_bin=None, max_cat_threshold=None,
              max_cat_to_onehot=None, max_delta_step=None, max_depth=None,
              max_leaves=None, min_child_weight=None, missing=nan,
              monotone_constraints=None, multi_strategy=None, n_estimators=100,
              n_jobs=None, num_parallel_tree=None, ...)"
white_rhino,0.46090791741063775,0.487549404829905,-0.8327980466714541,"SVC(kernel='linear', probability=True)",OutlierCleanerTransformer(),None,pca,FeatureScalerTransformer(),2,forward,0.5121319151014567,0.6743104935775612,0.6078389782701898,0.6114649681528662,0.3468769325912183,0.7039070415400203,0.5576166072489601,0.5317220543806647,0.5844504021447721,0.4759825327510917,0.7569444444444444,0.6046865715983363,0.4727854906942571,0.6802298031700531,0.5918743921284022,0.5907305577376276,0.6369337979094076,0.568407960199005,0.7242472266244057,0.6399832634743843,22,10,0.6875,4,5,0.4444444444444444,26,15,0.6341463414634146,"outlier=OutlierCleanerTransformer();scale=FeatureScalerTransformer();reduce_pre__method=pca;select__method=forward;select__k=2;reduce_post__method=None;clf=SVC(kernel='linear', probability=True)"
white_rhino,0.5252449417754967,0.5153948998758494,-7.465046293591518,KNeighborsClassifier(n_neighbors=3),OutlierCleanerTransformer(),None,None,FeatureScalerTransformer(),12,forward,0.8554642450763956,0.900369257385734,0.8824424035923009,0.8832271762208068,0.4879715522572665,0.5232966058763932,0.48744800950683304,0.48942598187311176,0.4459016393442623,0.422360248447205,0.4722222222222222,0.49183006535947715,0.7679659848813649,0.8249547270838657,0.781053907410973,0.7808326787117046,0.7848882035466461,0.7642642642642643,0.8066561014263075,0.8378939131379257,32,0,1.0,5,4,0.5555555555555556,37,4,0.9024390243902439,outlier=OutlierCleanerTransformer();scale=FeatureScalerTransformer();reduce_pre__method=None;select__method=forward;select__k=12;reduce_post__method=None;clf=KNeighborsClassifier(n_neighbors=3)
white_rhino,0.469802672375379,0.4682116039894475,-3.6283998771603634,KNeighborsClassifier(n_neighbors=7),None,None,pca,None,13,random_forest,0.8279161643174829,0.8721620470169205,0.8633842543493467,0.8641188959660298,0.5487012987012987,0.5956117021276596,0.5497066250742721,0.5498489425981873,0.5146579804560261,0.48466257668711654,0.5486111111111112,0.5492052881758764,0.7614364344088675,0.8168519780390682,0.7826251166372913,0.7824037706205813,0.7864302235929067,0.7657657657657657,0.8082408874801902,0.8492712946369062,32,0,1.0,5,4,0.5555555555555556,37,4,0.9024390243902439,outlier=None;scale=None;reduce_pre__method=pca;select__method=random_forest;select__k=13;reduce_post__method=None;clf=KNeighborsClassifier(n_neighbors=7)
white_rhino,0.49396082427324534,0.5275268203735687,-0.7866905027362199,"LogisticRegression(max_iter=200, penalty='l1', solver='saga')",OutlierCleanerTransformer(),None,pca,None,4,forward,0.5987458662659779,0.6908371221114548,0.6665139788343073,0.667728237791932,0.43667903525046387,0.5863475177304964,0.5421680035650625,0.5287009063444109,0.543859649122807,0.4696969696969697,0.6458333333333334,0.589572192513369,0.5601585255479984,0.6699392012352632,0.6320741442895863,0.631578947368421,0.6497386109036595,0.614406779661017,0.6893819334389857,0.6856051068619755,25,7,0.78125,4,5,0.4444444444444444,29,12,0.7073170731707317,"outlier=OutlierCleanerTransformer();scale=None;reduce_pre__method=pca;select__method=forward;select__k=4;reduce_post__method=None;clf=LogisticRegression(max_iter=200, penalty='l1', solver='saga')"
white_rhino,0.46839731484857267,0.4538462466701322,-0.827366885131258,"SVC(kernel='linear', probability=True)",OutlierCleanerTransformer(),None,pca,FeatureScalerTransformer(),6,lasso,0.4550187997638552,0.7710620832518427,0.622228490195636,0.6273885350318471,0.4514533085961657,0.5553508105369807,0.46657754010695185,0.4622356495468278,0.4472049689440994,0.4044943820224719,0.5,0.4087381164587047,0.45416987329535763,0.7279198287088703,0.5855352479128713,0.584446190102121,0.629292221443588,0.5640703517587939,0.7115689381933439,0.6076593055576127,19,13,0.59375,5,4,0.5555555555555556,24,17,0.5853658536585366,"outlier=OutlierCleanerTransformer();scale=FeatureScalerTransformer();reduce_pre__method=pca;select__method=lasso;select__k=6;reduce_post__method=None;clf=SVC(kernel='linear', probability=True)"
white_rhino,0.5264635119175602,0.4733591973877962,-0.8119281966601705,"RandomForestClassifier(max_depth=20, n_jobs=-1)",None,None,None,FeatureScalerTransformer(),7,lasso,1.0,1.0,1.0,1.0,0.4032405689548547,0.3543819655521783,0.32206253713606653,0.3323262839879154,0.24054982817869416,0.23809523809523808,0.24305555555555555,0.27616235888294716,0.8579144211797273,0.8708763931104357,0.8264017457331734,0.826394344069128,0.825296442687747,0.8233438485804416,0.8272583201267829,0.9199596644795631,32,0,1.0,2,7,0.2222222222222222,34,7,0.8292682926829268,"outlier=None;scale=FeatureScalerTransformer();reduce_pre__method=None;select__method=lasso;select__k=7;reduce_post__method=None;clf=RandomForestClassifier(max_depth=20, n_jobs=-1)"
white_rhino,0.5764830109718211,0.564103239328035,-0.8121228043087243,"SVC(kernel='linear', probability=True)",OutlierCleanerTransformer(),None,None,FeatureScalerTransformer(),11,forward,0.7252710731420906,0.7306725074974518,0.7475754225240878,0.7484076433121019,0.5080457637600495,0.5855306484295846,0.5461972667855021,0.5377643504531722,0.5349544072948328,0.4756756756756757,0.6111111111111112,0.5664735591206179,0.6735507613844618,0.7016441356838783,0.6939943520397331,0.6936370777690495,0.7040971168437026,0.6754002911208151,0.7353407290015848,0.7596074568874012,28,4,0.875,5,4,0.5555555555555556,33,8,0.8048780487804879,"outlier=OutlierCleanerTransformer();scale=FeatureScalerTransformer();reduce_pre__method=None;select__method=forward;select__k=11;reduce_post__method=None;clf=SVC(kernel='linear', probability=True)"
white_rhino,0.41540845182339137,0.49236475115512074,-0.7400906228131128,SVC(probability=True),None,None,None,None,8,lasso,0.6606104253716036,0.8057917468912323,0.7777985874495115,0.7802547770700637,0.2779839208410637,0.4297112462006079,0.2966057635175282,0.29003021148036257,0.29850746268656714,0.2617801047120419,0.3472222222222222,0.24754901960784312,0.5695088766738559,0.7305756467531075,0.653495909672132,0.6527886881382561,0.6773722627737226,0.6278755074424899,0.7353407290015848,0.7268132470340803,26,6,0.8125,2,7,0.2222222222222222,28,13,0.6829268292682927,outlier=None;scale=None;reduce_pre__method=None;select__method=lasso;select__k=8;reduce_post__method=None;clf=SVC(probability=True)
white_rhino,0.5788748508162649,0.5677205804231137,-0.8274495770934036,LinearDiscriminantAnalysis(),OutlierCleanerTransformer(),None,pca,None,12,forward,0.7230417810421088,0.73479070952392,0.7463321073177336,0.7473460721868365,0.52143475572047,0.5614235055724417,0.5403297682709447,0.5347432024169184,0.5217391304347826,0.47191011235955055,0.5833333333333334,0.55017082590612,0.6750401083464805,0.7001172687336243,0.6924095659858505,0.6920659858601729,0.7021276595744681,0.6744525547445256,0.7321711568938193,0.758342343409808,27,5,0.84375,4,5,0.4444444444444444,31,10,0.7560975609756098,outlier=OutlierCleanerTransformer();scale=None;reduce_pre__method=pca;select__method=forward;select__k=12;reduce_post__method=None;clf=LinearDiscriminantAnalysis()
white_rhino,0.5898532468301377,0.5843310859782962,-0.792559902796625,LinearDiscriminantAnalysis(),None,None,pca,None,12,forward,0.7268529635055858,0.7070124853782043,0.7436852675045693,0.7441613588110403,0.5286703772418058,0.5394376899696048,0.538732917409388,0.5347432024169184,0.5157232704402516,0.47126436781609193,0.5694444444444444,0.5574123588829472,0.679666633442781,0.6734975262964844,0.6899237722845111,0.6897093479968578,0.6954510408635313,0.6771771771771772,0.7147385103011094,0.7614008323829554,26,6,0.8125,3,6,0.3333333333333333,29,12,0.7073170731707317,outlier=None;scale=None;reduce_pre__method=pca;select__method=forward;select__k=12;reduce_post__method=None;clf=LinearDiscriminantAnalysis()
white_rhino,0.5645003396559192,0.5547435961569462,-0.82204000907276,LinearDiscriminantAnalysis(),None,None,pca,None,8,forward,0.6750238626776441,0.7088965210758522,0.7348218516596341,0.7356687898089171,0.541082251082251,0.5402545592705167,0.553698752228164,0.5498489425981873,0.5299684542586751,0.48554913294797686,0.5833333333333334,0.577020202020202,0.6431330027739792,0.6751681287147852,0.6876280541690735,0.6873527101335428,0.6952526799387443,0.6725925925925926,0.7194928684627575,0.7552270786123001,25,7,0.78125,3,6,0.3333333333333333,28,13,0.6829268292682927,outlier=None;scale=None;reduce_pre__method=pca;select__method=forward;select__k=8;reduce_post__method=None;clf=LinearDiscriminantAnalysis()
white_rhino,0.5985343613378081,0.5829182510668494,-0.8004861045308356,LinearDiscriminantAnalysis(),None,None,pca,None,10,forward,0.7057936226258865,0.6985554246712478,0.7382629690637904,0.7388535031847133,0.5202597402597402,0.5388044579533942,0.5333853238265003,0.5287009063444109,0.5125,0.4659090909090909,0.5694444444444444,0.583630421865716,0.6616188887291851,0.666605231327677,0.684458482061308,0.6842105263157895,0.6912442396313364,0.6706408345752608,0.7131537242472267,0.7615316636303942,26,6,0.8125,3,6,0.3333333333333333,29,12,0.7073170731707317,outlier=None;scale=None;reduce_pre__method=pca;select__method=forward;select__k=10;reduce_post__method=None;clf=LinearDiscriminantAnalysis()
white_rhino,0.5921737589315483,0.5807419285929643,-0.7945781116853513,LinearDiscriminantAnalysis(),None,None,pca,None,14,forward,0.7202326090231125,0.7438609105078793,0.7526366856962339,0.7537154989384289,0.5213234384662957,0.5551735055724417,0.5395313428401664,0.5347432024169184,0.51875,0.4715909090909091,0.5763888888888888,0.5464200831847891,0.6728732827000609,0.7061234295207918,0.6971231936648055,0.6967792615868028,0.7066869300911854,0.6788321167883211,0.7369255150554676,0.7635188174830043,26,6,0.8125,4,5,0.4444444444444444,30,11,0.7317073170731707,outlier=None;scale=None;reduce_pre__method=pca;select__method=forward;select__k=14;reduce_post__method=None;clf=LinearDiscriminantAnalysis()
white_rhino,0.4924284073876721,0.4893845138745051,-0.905433831050469,LinearDiscriminantAnalysis(),None,None,None,FeatureScalerTransformer(),12,random_forest,0.6672489984429342,0.7059091239569549,0.725741814653519,0.727176220806794,0.5299814471243043,0.48195921985815604,0.5248440285204992,0.5226586102719033,0.4968152866242038,0.4588235294117647,0.5416666666666666,0.5626485442661914,0.6345662481289748,0.6611191431371951,0.6743610251245364,0.6739984289080911,0.6853677028051555,0.6569767441860465,0.716323296354992,0.7437707046620359,26,6,0.8125,3,6,0.3333333333333333,29,12,0.7073170731707317,outlier=None;scale=FeatureScalerTransformer();reduce_pre__method=None;select__method=random_forest;select__k=12;reduce_post__method=None;clf=LinearDiscriminantAnalysis()
white_rhino,0.48032515822045224,0.49736792272691116,-0.8445910921679751,LinearDiscriminantAnalysis(),None,None,pca,None,3,forward,0.5999737162495955,0.6562204234461604,0.6565516618904709,0.6581740976645435,0.4092826221397649,0.5387284701114488,0.4945967023172905,0.48036253776435045,0.5028901734104047,0.4306930693069307,0.6041666666666666,0.5311200237670826,0.554571074794874,0.6327220327792181,0.6125358551673405,0.6119402985074627,0.6351550960118169,0.5947441217150761,0.6814580031695721,0.661198907929361,24,8,0.75,4,5,0.4444444444444444,28,13,0.6829268292682927,outlier=None;scale=None;reduce_pre__method=pca;select__method=forward;select__k=3;reduce_post__method=None;clf=LinearDiscriminantAnalysis()
white_rhino,0.569624578935724,0.56377808980306,-0.7885620130992821,"SVC(kernel='linear', probability=True)",None,None,None,FeatureScalerTransformer(),12,forward,0.7289351949116318,0.7022914880160778,0.7479364577927206,0.7484076433121019,0.5086147186147186,0.5394376899696048,0.5280377302436126,0.5226586102719033,0.5093167701863354,0.4606741573033708,0.5694444444444444,0.5624257278669043,0.6764779386504621,0.6697207284067832,0.6899509259396399,0.6897093479968578,0.6963873943120676,0.6761194029850747,0.7179080824088748,0.7626770541740105,26,6,0.8125,3,6,0.3333333333333333,29,12,0.7073170731707317,"outlier=None;scale=FeatureScalerTransformer();reduce_pre__method=None;select__method=forward;select__k=12;reduce_post__method=None;clf=SVC(kernel='linear', probability=True)"
white_rhino,0.5873617927600316,0.5762096371832983,-0.796101883677175,LinearDiscriminantAnalysis(),None,None,None,FeatureScalerTransformer(),11,forward,0.7191663065448817,0.7063759872514392,0.7488909447841685,0.7494692144373672,0.498491032776747,0.556661600810537,0.5304330065359477,0.5226586102719033,0.5182926829268293,0.46195652173913043,0.5902777777777778,0.5672534165181223,0.6666245746953259,0.6764331099632589,0.6907976262768389,0.6904948939512962,0.6992366412213741,0.6745213549337261,0.7258320126782885,0.7604060211995991,26,6,0.8125,4,5,0.4444444444444444,30,11,0.7317073170731707,outlier=None;scale=FeatureScalerTransformer();reduce_pre__method=None;select__method=forward;select__k=11;reduce_post__method=None;clf=LinearDiscriminantAnalysis()
white_rhino,0.5477868300754409,0.5434169332685173,-0.805651735259558,LinearDiscriminantAnalysis(),None,None,pca,None,5,forward,0.6669959284156213,0.6365356198938652,0.6798452061285737,0.6804670912951167,0.47636982065553496,0.5170402735562311,0.5411281937017232,0.5347432024169184,0.5246913580246914,0.4722222222222222,0.5902777777777778,0.5739007724301842,0.6216087599013151,0.6126365506263384,0.6428418028052194,0.6425765907305577,0.6513409961685823,0.6305637982195845,0.6735340729001584,0.7078636985253097,24,8,0.75,5,4,0.5555555555555556,29,12,0.7073170731707317,outlier=None;scale=None;reduce_pre__method=pca;select__method=forward;select__k=5;reduce_post__method=None;clf=LinearDiscriminantAnalysis()
white_rhino,0.586432576741983,0.5703195070477826,-0.8084097938853858,LinearDiscriminantAnalysis(),None,None,pca,None,9,forward,0.6992980077564308,0.7025040053083366,0.7350384728208137,0.7356687898089171,0.5446444032158319,0.5397353090172239,0.5467543077837196,0.5438066465256798,0.5206349206349207,0.47953216374269003,0.5694444444444444,0.5718582887700534,0.6624757209610501,0.669950266050114,0.6860025376324974,0.6857816182246661,0.6918335901386748,0.6731634182908546,0.7115689381933439,0.7577844592226156,26,6,0.8125,3,6,0.3333333333333333,29,12,0.7073170731707317,outlier=None;scale=None;reduce_pre__method=pca;select__method=forward;select__k=9;reduce_post__method=None;clf=LinearDiscriminantAnalysis()
white_rhino,0.5772941965579456,0.5684968071977401,-0.8215851278631471,LinearDiscriminantAnalysis(),None,None,pca,None,15,forward,0.730305830129045,0.7343419904329596,0.7518266128122391,0.7526539278131635,0.5356400742115028,0.5614235055724417,0.5510249554367201,0.5468277945619335,0.5283018867924528,0.4827586206896552,0.5833333333333334,0.5573752228163993,0.6839568406248683,0.699758293460856,0.699418911780243,0.6991358994501178,0.7069625095638867,0.6834319526627219,0.7321711568938193,0.7671820924112939,25,7,0.78125,4,5,0.4444444444444444,29,12,0.7073170731707317,outlier=None;scale=None;reduce_pre__method=pca;select__method=forward;select__k=15;reduce_post__method=None;clf=LinearDiscriminantAnalysis()
white_rhino,0.384348328051528,0.4334909473459848,-0.8470803212484904,LinearDiscriminantAnalysis(),None,None,pca,None,1,forward,0.5411140767522543,0.5507063792041893,0.5811291378026491,0.5828025477707006,0.23523809523809525,0.5476380445795339,0.3903557635175282,0.3716012084592145,0.425414364640884,0.3532110091743119,0.5347222222222222,0.3279671717171717,0.4682864621060259,0.5500927122792583,0.5285779877660441,0.5278868813825609,0.5609934258582907,0.5203252032520326,0.6085578446909667,0.5529595015576324,19,13,0.59375,3,6,0.3333333333333333,22,19,0.5365853658536586,outlier=None;scale=None;reduce_pre__method=pca;select__method=forward;select__k=1;reduce_post__method=None;clf=LinearDiscriminantAnalysis()
white_rhino,0.5540676289212341,0.5517270631142358,-1.211021403652741,"LGBMClassifier(max_depth=10, verbose=-1)",None,None,pca,None,12,forward,1.0,1.0,1.0,1.0,0.5093939393939394,0.5968021783181358,0.5299131016042781,0.525679758308157,0.5078369905956113,0.46285714285714286,0.5625,0.5776515151515151,0.8831890331890332,0.9193604356636271,0.8768705165612611,0.8766692851531814,0.8785769528228925,0.8580060422960725,0.9001584786053882,0.9440856870615302,32,0,1.0,5,4,0.5555555555555556,37,4,0.9024390243902439,"outlier=None;scale=None;reduce_pre__method=pca;select__method=forward;select__k=12;reduce_post__method=None;clf=LGBMClassifier(max_depth=10, verbose=-1)"
white_rhino,0.5317371764309954,0.5285708912963771,-0.7793579849243499,"RandomForestClassifier(max_depth=15, n_estimators=50, n_jobs=-1)",None,None,pca,None,12,forward,0.998046875,1.0,0.9989010989010989,0.9989384288747346,0.534817563388992,0.5811423505572442,0.5355392156862745,0.5347432024169184,0.5032258064516129,0.46987951807228917,0.5416666666666666,0.5484625668449198,0.8877541817592837,0.916228470111449,0.8783874184773217,0.8782403770620582,0.8793774319066148,0.863914373088685,0.8954041204437401,0.9557407763970556,32,0,1.0,5,4,0.5555555555555556,37,4,0.9024390243902439,"outlier=None;scale=None;reduce_pre__method=pca;select__method=forward;select__k=12;reduce_post__method=None;clf=RandomForestClassifier(max_depth=15, n_estimators=50, n_jobs=-1)"
white_rhino,0.5309088989850832,0.525832009801494,-1.2762313229995528,"RandomForestClassifier(n_estimators=20, n_jobs=-1)",None,None,pca,None,12,forward,1.0,0.9982142857142857,0.9989733059548255,0.9989384288747346,0.6122881880024738,0.5630635764944275,0.5556112596553773,0.5619335347432024,0.5017182130584192,0.4965986394557823,0.5069444444444444,0.5438205585264408,0.9076876638101129,0.911184143870314,0.8853153033063278,0.8853102906520032,0.884493670886076,0.8830963665086888,0.8858954041204438,0.9502261158918002,32,0,1.0,6,3,0.6666666666666666,38,3,0.926829268292683,"outlier=None;scale=None;reduce_pre__method=pca;select__method=forward;select__k=12;reduce_post__method=None;clf=RandomForestClassifier(n_estimators=20, n_jobs=-1)"
white_rhino,0.5463881410226448,0.5413076089121653,-1.3433176596730725,"XGBClassifier(base_score=None, booster=None, callbacks=None,
              colsample_bylevel=None, colsample_bynode=None,
              colsample_bytree=None, device=None, early_stopping_rounds=None,
              enable_categorical=False, eval_metric=None, feature_types=None,
              feature_weights=None, gamma=None, grow_policy=None,
              importance_type=None, interaction_constraints=None,
              learning_rate=None, max_bin=None, max_cat_threshold=None,
              max_cat_to_onehot=None, max_delta_step=None, max_depth=None,
              max_leaves=None, min_child_weight=None, missing=nan,
              monotone_constraints=None, multi_strategy=None, n_estimators=100,
              n_jobs=None, num_parallel_tree=None, ...)",None,None,pca,None,12,forward,1.0,1.0,1.0,1.0,0.5275943104514533,0.5810663627152989,0.5398098633392752,0.5377643504531722,0.5111821086261981,0.47337278106508873,0.5555555555555556,0.5845588235294118,0.8875224548693936,0.9162132725430598,0.8799722045312045,0.8798114689709348,0.8811188811188811,0.864329268292683,0.8985736925515055,0.9411407497371032,32,0,1.0,5,4,0.5555555555555556,37,4,0.9024390243902439,"outlier=None;scale=None;reduce_pre__method=pca;select__method=forward;select__k=12;reduce_post__method=None;clf=XGBClassifier(base_score=None, booster=None, callbacks=None,
              colsample_bylevel=None, colsample_bynode=None,
              colsample_bytree=None, device=None, early_stopping_rounds=None,
              enable_categorical=False, eval_metric=None, feature_types=None,
              feature_weights=None, gamma=None, grow_policy=None,
              importance_type=None, interaction_constraints=None,
              learning_rate=None, max_bin=None, max_cat_threshold=None,
              max_cat_to_onehot=None, max_delta_step=None, max_depth=None,
              max_leaves=None, min_child_weight=None, missing=nan,
              monotone_constraints=None, multi_strategy=None, n_estimators=100,
              n_jobs=None, num_parallel_tree=None, ...)"
white_rhino,0.5338977698005378,0.5361544112441393,-3.7206814754655233,KNeighborsClassifier(),None,None,pca,None,12,forward,0.7317960011254395,0.812007790243156,0.8083354017645599,0.8089171974522293,0.5074706246134817,0.6024632725430598,0.5379344919786097,0.5347432024169184,0.5126582278481012,0.47093023255813954,0.5625,0.5557412358882947,0.678385197194021,0.7700988867031368,0.7378660189285662,0.7376276512175962,0.7430769230769231,0.7219730941704036,0.7654516640253566,0.8216683699413975,31,1,0.96875,5,4,0.5555555555555556,36,5,0.8780487804878049,outlier=None;scale=None;reduce_pre__method=pca;select__method=forward;select__k=12;reduce_post__method=None;clf=KNeighborsClassifier()
white_rhino,0.5777576009697333,0.5774455678404692,-0.8194233264629716,LogisticRegression(max_iter=200),None,None,pca,None,12,forward,0.7412817366718851,0.713452606208446,0.7488909447841685,0.7494692144373672,0.49497835497835496,0.5396593211752786,0.5296345811051694,0.5226586102719033,0.5153374233128835,0.46153846153846156,0.5833333333333334,0.55941770647653,0.6826380743639018,0.6786939492018125,0.6907840494492745,0.6904948939512962,0.6987767584097859,0.6750369276218612,0.7242472266244057,0.7579868773790304,27,5,0.84375,3,6,0.3333333333333333,30,11,0.7317073170731707,outlier=None;scale=None;reduce_pre__method=pca;select__method=forward;select__k=12;reduce_post__method=None;clf=LogisticRegression(max_iter=200)
white_rhino,0.5508117620663544,0.5447480580361521,-1.3114688085448556,LGBMClassifier(verbose=-1),None,None,pca,FeatureScalerTransformer(),12,forward,1.0,1.0,1.0,1.0,0.5379158936301793,0.6173378926038501,0.5633169934640523,0.5589123867069486,0.5408805031446541,0.4942528735632184,0.5972222222222222,0.5860071301247771,0.8899799746738521,0.9234675785207701,0.8855053788922296,0.8853102906520032,0.8869969040247678,0.8668683812405447,0.9080824088748018,0.9454779290154085,32,0,1.0,5,4,0.5555555555555556,37,4,0.9024390243902439,outlier=None;scale=FeatureScalerTransformer();reduce_pre__method=pca;select__method=forward;select__k=12;reduce_post__method=None;clf=LGBMClassifier(verbose=-1)
white_rhino,0.4625584737919623,0.45559413775248353,-1.2160871549974563,"LGBMClassifier(max_depth=10, verbose=-1)",None,None,None,None,3,random_forest,0.9661613468556949,0.958575046941461,0.960712593361464,0.9607218683651805,0.48265306122448975,0.5705737082066868,0.5090797682709447,0.5075528700906344,0.4792332268370607,0.4437869822485207,0.5208333333333334,0.5818850267379679,0.8510403264673128,0.8809747791945061,0.843041999298942,0.842890809112333,0.8444790046656299,0.8290076335877863,0.8605388272583201,0.8963742464860702,32,0,1.0,5,4,0.5555555555555556,37,4,0.9024390243902439,"outlier=None;scale=None;reduce_pre__method=None;select__method=random_forest;select__k=3;reduce_post__method=None;clf=LGBMClassifier(max_depth=10, verbose=-1)"
white_rhino,0.4494235275604292,0.48298575943488764,-0.7874868816199246,LogisticRegression(max_iter=200),OutlierCleanerTransformer(),None,None,FeatureScalerTransformer(),1,lasso,0.5411140767522543,0.5507063792041893,0.5811291378026491,0.5828025477707006,0.23523809523809525,0.5423188956433638,0.386883541295306,0.3685800604229607,0.42105263157894735,0.35023041474654376,0.5277777777777778,0.3279671717171717,0.4682864621060259,0.5490288824920242,0.5277855947391027,0.5271013354281225,0.5599415204678363,0.519674355495251,0.606973058637084,0.5529570330435298,19,13,0.59375,3,6,0.3333333333333333,22,19,0.5365853658536586,outlier=OutlierCleanerTransformer();scale=FeatureScalerTransformer();reduce_pre__method=None;select__method=lasso;select__k=1;reduce_post__method=None;clf=LogisticRegression(max_iter=200)
white_rhino,0.5055451789114184,0.49702022298300114,-6.8130886638652255,KNeighborsClassifier(n_neighbors=3),OutlierCleanerTransformer(),None,pca,None,3,lasso,0.7733200135570374,0.7677166990987903,0.7929349910869418,0.7929936305732485,0.39722325293753863,0.46981382978723407,0.41206179441473556,0.4078549848942598,0.3950617283950617,0.35555555555555557,0.4444444444444444,0.40936942959001776,0.6837731657904901,0.708136125236479,0.6930390370820189,0.6928515318146111,0.6976024748646559,0.6812688821752266,0.7147385103011094,0.761908112031044,32,0,1.0,2,7,0.2222222222222222,34,7,0.8292682926829268,outlier=OutlierCleanerTransformer();scale=None;reduce_pre__method=pca;select__method=lasso;select__k=3;reduce_post__method=None;clf=KNeighborsClassifier(n_neighbors=3)
white_rhino,0.5873617927600316,0.5762096371832983,-0.796101883677175,LinearDiscriminantAnalysis(),None,None,pca,FeatureScalerTransformer(),11,forward,0.7191663065448817,0.7063759872514392,0.7488909447841685,0.7494692144373672,0.498491032776747,0.556661600810537,0.5304330065359477,0.5226586102719033,0.5182926829268293,0.46195652173913043,0.5902777777777778,0.5672534165181223,0.6666245746953259,0.6764331099632589,0.6907976262768389,0.6904948939512962,0.6992366412213741,0.6745213549337261,0.7258320126782885,0.7604060211995991,26,6,0.8125,4,5,0.4444444444444444,30,11,0.7317073170731707,outlier=None;scale=FeatureScalerTransformer();reduce_pre__method=pca;select__method=forward;select__k=11;reduce_post__method=None;clf=LinearDiscriminantAnalysis()
white_rhino,0.5873617927600316,0.5762096371832983,-0.7961018836771736,LinearDiscriminantAnalysis(),None,None,None,None,11,forward,0.7191663065448817,0.7063759872514392,0.7488909447841685,0.7494692144373672,0.498491032776747,0.556661600810537,0.5304330065359477,0.5226586102719033,0.5182926829268293,0.46195652173913043,0.5902777777777778,0.5672534165181223,0.6666245746953259,0.6764331099632589,0.6907976262768389,0.6904948939512962,0.6992366412213741,0.6745213549337261,0.7258320126782885,0.7604060211995991,26,6,0.8125,4,5,0.4444444444444444,30,11,0.7317073170731707,outlier=None;scale=None;reduce_pre__method=None;select__method=forward;select__k=11;reduce_post__method=None;clf=LinearDiscriminantAnalysis()
white_rhino,0.4960897112301465,0.5021913917028797,-4.597447824237074,"RandomForestClassifier(n_estimators=20, n_jobs=-1)",None,None,None,FeatureScalerTransformer(),1,lasso,0.868072961447372,0.8125091817188939,0.8218674549270031,0.8205944798301487,0.47706864564007423,0.40961879432624115,0.4297385620915033,0.4350453172205438,0.3745819397993311,0.36129032258064514,0.3888888888888889,0.4374628639334522,0.7749766957789678,0.7319311042403633,0.7201211053018746,0.7203456402199528,0.711038961038961,0.7287853577371048,0.694136291600634,0.7816056203129088,30,2,0.9375,4,5,0.4444444444444444,34,7,0.8292682926829268,"outlier=None;scale=FeatureScalerTransformer();reduce_pre__method=None;select__method=lasso;select__k=1;reduce_post__method=None;clf=RandomForestClassifier(n_estimators=20, n_jobs=-1)"
white_rhino,0.539423254900861,0.5584494550209899,-0.7029235289687803,"LogisticRegression(max_iter=200, penalty='l1', solver='saga')",None,None,None,None,2,lasso,0.5112466112415968,0.6968117604910221,0.6327368729832795,0.6348195329087049,0.5215831787260359,0.5290906788247214,0.48505273321449793,0.48942598187311176,0.43478260869565216,0.41935483870967744,0.4513888888888889,0.4423648247177659,0.5137076987378917,0.663267544157762,0.5973717730349393,0.5970149253731343,0.6110689916603488,0.5857558139534884,0.6386687797147385,0.6105166106313965,20,12,0.625,5,4,0.5555555555555556,25,16,0.6097560975609756,"outlier=None;scale=None;reduce_pre__method=None;select__method=lasso;select__k=2;reduce_post__method=None;clf=LogisticRegression(max_iter=200, penalty='l1', solver='saga')"
white_rhino,0.47448460330369907,0.5014959073600745,-0.7978521615086214,"LogisticRegression(max_iter=200, penalty='l1', solver='saga')",None,None,None,None,2,forward,0.564163623259679,0.58091994964301,0.6045828914412077,0.6061571125265393,0.3205318491032777,0.6335233029381966,0.5025809566250743,0.48036253776435045,0.5300546448087432,0.4369369369369369,0.6736111111111112,0.508132798573975,0.5061560579843454,0.5914406203020472,0.5741566321568395,0.5734485467399842,0.6039387308533917,0.5594594594594594,0.6561014263074485,0.6150068377840643,22,10,0.6875,4,5,0.4444444444444444,26,15,0.6341463414634146,"outlier=None;scale=None;reduce_pre__method=None;select__method=forward;select__k=2;reduce_post__method=None;clf=LogisticRegression(max_iter=200, penalty='l1', solver='saga')"
white_rhino,0.45953975064892977,0.4472428458839753,-1.0031156588890617,LGBMClassifier(verbose=-1),None,None,None,None,2,lasso,0.8921372025186984,0.9274878119740466,0.9157862671209693,0.916135881104034,0.3249474335188621,0.4607712765957447,0.38157308377896615,0.3716012084592145,0.38823529411764707,0.336734693877551,0.4583333333333333,0.32050282234105765,0.7570920194234994,0.8341445048983862,0.7749319924364728,0.7745483110761979,0.7827403482210447,0.7492753623188406,0.8193343898573693,0.8221003599093561,32,0,1.0,1,8,0.1111111111111111,33,8,0.8048780487804879,outlier=None;scale=None;reduce_pre__method=None;select__method=lasso;select__k=2;reduce_post__method=None;clf=LGBMClassifier(verbose=-1)
white_rhino,0.5046702688890758,0.49001465743637357,-0.7582074364791771,"LogisticRegression(max_iter=200, penalty='l1', solver='saga')",None,None,None,None,6,lasso,0.4985290275813016,0.6321647501543567,0.5959518920504547,0.5987261146496815,0.4437167594310452,0.5267793819655521,0.4561608734402852,0.45317220543806647,0.43260188087774293,0.3942857142857143,0.4791666666666667,0.3979500891265597,0.48547848754552614,0.6110876765165958,0.5614919205533422,0.5608798114689709,0.5880619012527635,0.5495867768595041,0.6323296354992076,0.6037788013882923,19,13,0.59375,5,4,0.5555555555555556,24,17,0.5853658536585366,"outlier=None;scale=None;reduce_pre__method=None;select__method=lasso;select__k=6;reduce_post__method=None;clf=LogisticRegression(max_iter=200, penalty='l1', solver='saga')"
white_rhino,0.465757798842677,0.48653790370589195,-0.8558192538963981,"LogisticRegression(max_iter=200, penalty='l1', solver='saga')",OutlierCleanerTransformer(),None,None,FeatureScalerTransformer(),3,forward,0.5871468440477233,0.6451440978537057,0.653543786808674,0.6549893842887473,0.4092826221397649,0.5387284701114488,0.4945967023172905,0.48036253776435045,0.5028901734104047,0.4306930693069307,0.6041666666666666,0.5321598336304219,0.5447982197839237,0.6238609723052544,0.6101450992589521,0.6095836606441477,0.631578947368421,0.5933147632311978,0.6751188589540412,0.6603102428524175,22,10,0.6875,4,5,0.4444444444444444,26,15,0.6341463414634146,"outlier=OutlierCleanerTransformer();scale=FeatureScalerTransformer();reduce_pre__method=None;select__method=forward;select__k=3;reduce_post__method=None;clf=LogisticRegression(max_iter=200, penalty='l1', solver='saga')"
white_rhino,0.4210248649945624,0.46688261286464516,-0.749321665654054,"LogisticRegression(max_iter=200, penalty='l1', solver='saga')",None,None,None,FeatureScalerTransformer(),1,random_forest,0.3304236941307221,0.767925332696954,0.5775909921700476,0.5828025477707006,0.43471243042671615,0.5565032928064843,0.44279188948306597,0.4380664652567976,0.42592592592592593,0.38333333333333336,0.4791666666666667,0.5022838680926917,0.3552543456297683,0.7256409247188601,0.546268594082478,0.5451688923802043,0.5948215535339398,0.5325814536340853,0.6735340729001584,0.5603860262353679,19,13,0.59375,4,5,0.4444444444444444,23,18,0.5609756097560976,"outlier=None;scale=FeatureScalerTransformer();reduce_pre__method=None;select__method=random_forest;select__k=1;reduce_post__method=None;clf=LogisticRegression(max_iter=200, penalty='l1', solver='saga')"
white_rhino,0.47069149582597153,0.4616261566120781,-1.0880634619787348,"RandomForestClassifier(max_depth=15, n_estimators=50, n_jobs=-1)",None,None,None,None,2,lasso,0.9984756097560976,0.9936735261401557,0.9958210167655752,0.9957537154989384,0.33285714285714285,0.4335043059777103,0.379177807486631,0.3716012084592145,0.3772455089820359,0.33157894736842103,0.4375,0.33635992275698157,0.8399950223992037,0.8816396821076665,0.8337505122166763,0.8334642576590731,0.8376722817764165,0.8103703703703704,0.866877971473851,0.8745019772797962,32,0,1.0,1,8,0.1111111111111111,33,8,0.8048780487804879,"outlier=None;scale=None;reduce_pre__method=None;select__method=lasso;select__k=2;reduce_post__method=None;clf=RandomForestClassifier(max_depth=15, n_estimators=50, n_jobs=-1)"
white_rhino,0.5852514622343127,0.5745184507291269,-0.7997259614760542,LogisticRegression(max_iter=200),None,None,None,FeatureScalerTransformer(),11,forward,0.7133986546565401,0.7030956089710608,0.7466931425863663,0.7473460721868365,0.5111997526283241,0.556661600810537,0.5384543969102793,0.5317220543806647,0.5230769230769231,0.4696132596685083,0.5902777777777778,0.5743092691622103,0.6652560589355363,0.6738088073389561,0.6915764424762159,0.6912804399057345,0.6997708174178763,0.6755162241887905,0.7258320126782885,0.761820479780401,25,7,0.78125,4,5,0.4444444444444444,29,12,0.7073170731707317,outlier=None;scale=FeatureScalerTransformer();reduce_pre__method=None;select__method=forward;select__k=11;reduce_post__method=None;clf=LogisticRegression(max_iter=200)
white_rhino,0.5573224129281145,0.5591591868797979,-0.7698740036510877,"LogisticRegression(max_iter=200, penalty='l1', solver='saga')",OutlierCleanerTransformer(),None,None,FeatureScalerTransformer(),5,forward,0.6532024302471231,0.6343185590830543,0.6787463050296726,0.6794055201698513,0.4806988249845393,0.510790273556231,0.537655971479501,0.5317220543806647,0.5201238390092879,0.4692737430167598,0.5833333333333334,0.5694444444444444,0.6121301432798413,0.6096129019776897,0.6412705935789011,0.6410054988216811,0.6498084291187739,0.629080118694362,0.6719492868462758,0.7065627915932284,24,8,0.75,5,4,0.5555555555555556,29,12,0.7073170731707317,"outlier=OutlierCleanerTransformer();scale=FeatureScalerTransformer();reduce_pre__method=None;select__method=forward;select__k=5;reduce_post__method=None;clf=LogisticRegression(max_iter=200, penalty='l1', solver='saga')"
white_rhino,0.46531155640313726,0.4723224034672798,-1.3786703932628932,"RandomForestClassifier(n_estimators=20, n_jobs=-1)",OutlierCleanerTransformer(),None,None,FeatureScalerTransformer(),3,forward,0.9967394986449865,0.9900240137891347,0.9926687275763251,0.9925690021231423,0.521991341991342,0.44669452887537997,0.49546939988116456,0.4984894259818731,0.4503311258278146,0.43037974683544306,0.4722222222222222,0.5323640819964349,0.8837042232512615,0.8813581168063835,0.8641650744750704,0.8641005498821681,0.8641005498821681,0.8566978193146417,0.8716323296354992,0.9354384821600485,32,0,1.0,4,5,0.4444444444444444,36,5,0.8780487804878049,"outlier=OutlierCleanerTransformer();scale=FeatureScalerTransformer();reduce_pre__method=None;select__method=forward;select__k=3;reduce_post__method=None;clf=RandomForestClassifier(n_estimators=20, n_jobs=-1)"
white_rhino,0.49156406876630115,0.482603780204823,-2.794044426970069,KNeighborsClassifier(),None,None,None,None,5,forward,0.7222350053225153,0.8119807585524701,0.7856917210099961,0.7866242038216561,0.514743351886209,0.566862968591692,0.522448752228164,0.5226586102719033,0.487012987012987,0.4573170731707317,0.5208333333333334,0.5160056446821153,0.6728322306948232,0.7629572005603145,0.7182326920133695,0.7179890023566379,0.7240584166026134,0.7029850746268657,0.7464342313787639,0.7782385670769336,31,1,0.96875,4,5,0.4444444444444444,35,6,0.8536585365853658,outlier=None;scale=None;reduce_pre__method=None;select__method=forward;select__k=5;reduce_post__method=None;clf=KNeighborsClassifier()
white_rhino,0.4349886417814174,0.4672586402491087,-0.8179823134744371,"LogisticRegression(max_iter=200, penalty='l1', solver='saga')",None,None,pca,None,3,random_forest,0.4157366223016675,0.6821374303229142,0.6164293611932216,0.6210191082802548,0.47359925788497215,0.4416540020263425,0.4422719845513963,0.44108761329305135,0.4126984126984127,0.38011695906432746,0.4513888888888889,0.46108140225787286,0.42951344029769234,0.6340407446635999,0.5751662544248115,0.5742340926944226,0.613960113960114,0.5575679172056921,0.6830427892234548,0.5973211684958357,19,13,0.59375,3,6,0.3333333333333333,22,19,0.5365853658536586,"outlier=None;scale=None;reduce_pre__method=pca;select__method=random_forest;select__k=3;reduce_post__method=None;clf=LogisticRegression(max_iter=200, penalty='l1', solver='saga')"
white_rhino,0.4590217208402277,0.45662776213656214,-0.8347609449716049,"LogisticRegression(max_iter=200, penalty='l1', solver='saga')",OutlierCleanerTransformer(),None,None,FeatureScalerTransformer(),5,lasso,0.5304236800697643,0.6454994882153531,0.6121465803190649,0.6146496815286624,0.46525046382189233,0.5111195542046606,0.4564393939393939,0.4561933534743202,0.4230769230769231,0.39285714285714285,0.4583333333333333,0.3891488413547237,0.5149062476297948,0.6186235014132146,0.5739665565709376,0.5734485467399842,0.5956813104988831,0.5617977528089888,0.6339144215530903,0.6016435366895251,19,13,0.59375,5,4,0.5555555555555556,24,17,0.5853658536585366,"outlier=OutlierCleanerTransformer();scale=FeatureScalerTransformer();reduce_pre__method=None;select__method=lasso;select__k=5;reduce_post__method=None;clf=LogisticRegression(max_iter=200, penalty='l1', solver='saga')"
white_rhino,0.4688674890079243,0.4660194166608475,-1.0765956795687592,"XGBClassifier(base_score=None, booster=None, callbacks=None,
              colsample_bylevel=None, colsample_bynode=None,
              colsample_bytree=None, device=None, early_stopping_rounds=None,
              enable_categorical=False, eval_metric=None, feature_types=None,
              feature_weights=None, gamma=None, grow_policy=None,
              importance_type=None, interaction_constraints=None,
              learning_rate=None, max_bin=None, max_cat_threshold=None,
              max_cat_to_onehot=None, max_delta_step=None, max_depth=None,
              max_leaves=None, min_child_weight=None, missing=nan,
              monotone_constraints=None, multi_strategy=None, n_estimators=100,
              n_jobs=None, num_parallel_tree=None, ...)",None,None,None,None,2,lasso,0.9375038416054867,0.949924871929356,0.9443734909854007,0.9447983014861996,0.35238095238095235,0.4147163120567376,0.3660873440285205,0.3595166163141994,0.3614457831325301,0.3191489361702128,0.4166666666666667,0.3202985739750446,0.7981888679805975,0.8428831599548324,0.7929669564702223,0.7926158680282797,0.7993920972644377,0.7678832116788321,0.8335974643423137,0.8394071122828325,32,0,1.0,1,8,0.1111111111111111,33,8,0.8048780487804879,"outlier=None;scale=None;reduce_pre__method=None;select__method=lasso;select__k=2;reduce_post__method=None;clf=XGBClassifier(base_score=None, booster=None, callbacks=None,
              colsample_bylevel=None, colsample_bynode=None,
              colsample_bytree=None, device=None, early_stopping_rounds=None,
              enable_categorical=False, eval_metric=None, feature_types=None,
              feature_weights=None, gamma=None, grow_policy=None,
              importance_type=None, interaction_constraints=None,
              learning_rate=None, max_bin=None, max_cat_threshold=None,
              max_cat_to_onehot=None, max_delta_step=None, max_depth=None,
              max_leaves=None, min_child_weight=None, missing=nan,
              monotone_constraints=None, multi_strategy=None, n_estimators=100,
              n_jobs=None, num_parallel_tree=None, ...)"
white_rhino,0.5569450209246743,0.5497440305619106,-0.8402674377902069,LogisticRegression(max_iter=200),OutlierCleanerTransformer(),None,None,FeatureScalerTransformer(),8,forward,0.6934236542964445,0.7282546443402256,0.7387120066791525,0.7399150743099787,0.5158256029684601,0.5059903748733536,0.5264408793820559,0.5226586102719033,0.5031446540880503,0.45977011494252873,0.5555555555555556,0.5470142602495544,0.6511384039802577,0.6838017904468512,0.683774703654882,0.6834249803613511,0.6940015186028854,0.6661807580174927,0.7242472266244057,0.7457529214864405,28,4,0.875,3,6,0.3333333333333333,31,10,0.7560975609756098,outlier=OutlierCleanerTransformer();scale=FeatureScalerTransformer();reduce_pre__method=None;select__method=forward;select__k=8;reduce_post__method=None;clf=LogisticRegression(max_iter=200)
white_rhino,0.5523249603475086,0.5189514738526858,-7.463895247997337,KNeighborsClassifier(n_neighbors=3),None,None,None,FeatureScalerTransformer(),8,lasso,0.8833336307950783,0.8864739227381747,0.8852900692736422,0.8853503184713376,0.4942980828695115,0.4589539007092198,0.4353646761734997,0.44410876132930516,0.36551724137931035,0.363013698630137,0.3680555555555556,0.3981172014260249,0.7907061193842291,0.8009699183323837,0.7706034529575267,0.7706205813040062,0.768621236133122,0.768621236133122,0.768621236133122,0.8268522495569017,32,0,1.0,4,5,0.4444444444444444,36,5,0.8780487804878049,outlier=None;scale=FeatureScalerTransformer();reduce_pre__method=None;select__method=lasso;select__k=8;reduce_post__method=None;clf=KNeighborsClassifier(n_neighbors=3)
white_rhino,0.5141442540501632,0.4820365556053795,-5.173768672887741,KNeighborsClassifier(n_neighbors=3),None,None,None,FeatureScalerTransformer(),2,lasso,0.7700434699416185,0.7949710812926887,0.7987341200893563,0.7993630573248408,0.4284910327767471,0.4662424012158055,0.43692439096850866,0.4350453172205438,0.41009463722397477,0.37572254335260113,0.4513888888888889,0.39054144385026734,0.6887214610928396,0.729225345277312,0.704884202003446,0.7046347211311862,0.7112135176651305,0.6900149031296572,0.7337559429477021,0.7551777083302476,31,1,0.96875,2,7,0.2222222222222222,33,8,0.8048780487804879,outlier=None;scale=FeatureScalerTransformer();reduce_pre__method=None;select__method=lasso;select__k=2;reduce_post__method=None;clf=KNeighborsClassifier(n_neighbors=3)
white_rhino,0.48964027633657714,0.4816414377061068,-2.427844962864131,KNeighborsClassifier(n_neighbors=7),None,None,pca,None,13,forward,0.7357867684689088,0.8171664079374035,0.8157388812419614,0.8163481953290871,0.5338095238095237,0.6375823201621075,0.5651923648247178,0.5619335347432024,0.5396825396825397,0.49707602339181284,0.5902777777777778,0.5853015448603685,0.6876969483119124,0.7812495903823443,0.7504356927391126,0.7501963864886095,0.7553846153846154,0.7339312406576981,0.7781299524564184,0.8324915700243396,30,2,0.9375,5,4,0.5555555555555556,35,6,0.8536585365853658,outlier=None;scale=None;reduce_pre__method=pca;select__method=forward;select__k=13;reduce_post__method=None;clf=KNeighborsClassifier(n_neighbors=7)
white_rhino,0.5192001025199977,0.5182769702578606,-2.232416709006155,KNeighborsClassifier(n_neighbors=7),None,None,pca,None,10,forward,0.7415016118806483,0.8618311810556667,0.8181690998939459,0.8195329087048833,0.4768769325912183,0.682073201621074,0.568905971479501,0.5589123867069486,0.5602409638554217,0.4946808510638298,0.6458333333333334,0.6098484848484849,0.6784957358593554,0.825879585168748,0.7522648616891547,0.7517674783974863,0.7638266068759342,0.7227722772277227,0.8098256735340729,0.8258389245177759,31,1,0.96875,5,4,0.5555555555555556,36,5,0.8780487804878049,outlier=None;scale=None;reduce_pre__method=pca;select__method=forward;select__k=10;reduce_post__method=None;clf=KNeighborsClassifier(n_neighbors=7)
white_rhino,0.5899515367093262,0.5824040891210647,-0.8127908321480726,LinearDiscriminantAnalysis(),None,None,pca,None,13,forward,0.7266528704945594,0.7202223207367813,0.74977322472189,0.7505307855626328,0.5172418058132344,0.5551735055724417,0.5368575460487225,0.5317220543806647,0.5171339563862928,0.4689265536723164,0.5763888888888888,0.5525103980986333,0.676793093189482,0.6872125577039133,0.693926467901911,0.6936370777690495,0.7018348623853211,0.6779911373707533,0.7274167987321711,0.7634891953137729,28,4,0.875,4,5,0.4444444444444444,32,9,0.7804878048780488,outlier=None;scale=None;reduce_pre__method=pca;select__method=forward;select__k=13;reduce_post__method=None;clf=LinearDiscriminantAnalysis()
white_rhino,0.590615252420438,0.5787441950888013,-0.8205372583924374,LogisticRegression(max_iter=200),None,None,pca,None,13,forward,0.7405429559512566,0.7129058095140199,0.7530699280185933,0.7537154989384289,0.5160977118119975,0.560790273556231,0.5403297682709447,0.5347432024169184,0.5217391304347826,0.47191011235955055,0.5833333333333334,0.5597147950089126,0.6871036121085761,0.6824827023224622,0.6970553095269834,0.6967792615868028,0.7044410413476263,0.6814814814814815,0.7290015847860539,0.7645383138073869,28,4,0.875,4,5,0.4444444444444444,32,9,0.7804878048780488,outlier=None;scale=None;reduce_pre__method=pca;select__method=forward;select__k=13;reduce_post__method=None;clf=LogisticRegression(max_iter=200)
white_rhino,0.49543454144892857,0.4972635232957622,-3.135513714512137,KNeighborsClassifier(n_neighbors=7),None,None,None,None,2,random_forest,0.6474487569794909,0.7834808361322196,0.7488345330234447,0.7505307855626328,0.3974025974025974,0.49021656534954405,0.45480540701128935,0.4471299093655589,0.4471299093655589,0.39572192513368987,0.5138888888888888,0.5376745395127748,0.5879139570802305,0.7248279819756844,0.6721739216296143,0.6716417910447762,0.6889880952380952,0.6493688639551192,0.7337559429477021,0.7456245587531042,27,5,0.84375,3,6,0.3333333333333333,30,11,0.7317073170731707,outlier=None;scale=None;reduce_pre__method=None;select__method=random_forest;select__k=2;reduce_post__method=None;clf=KNeighborsClassifier(n_neighbors=7)
white_rhino,0.4360664105224781,0.435914063457707,-3.857062020543887,KNeighborsClassifier(n_neighbors=7),OutlierCleanerTransformer(),None,pca,None,3,random_forest,0.7870289917705489,0.8313166527823438,0.8085520229257396,0.8089171974522293,0.4523623995052567,0.6059903748733536,0.5069258764111706,0.5015105740181269,0.4891640866873065,0.441340782122905,0.5486111111111112,0.5725081699346405,0.7073464698026222,0.7862513972005457,0.7292311565975976,0.7289866457187746,0.7348193697156034,0.7134328358208956,0.757527733755943,0.8077175624904345,31,1,0.96875,5,4,0.5555555555555556,36,5,0.8780487804878049,outlier=OutlierCleanerTransformer();scale=None;reduce_pre__method=pca;select__method=random_forest;select__k=3;reduce_post__method=None;clf=KNeighborsClassifier(n_neighbors=7)
white_rhino,0.41924052624854713,0.49938137347161404,-0.7526620842995749,SVC(probability=True),None,None,pca,None,10,forward,0.25756384904353213,0.9032864326854176,0.5838301329061083,0.5944798301486199,0.12260358688930117,0.9532738095238096,0.5379901960784313,0.48338368580060426,0.6174496644295302,0.45544554455445546,0.9583333333333334,0.7338086749851456,0.22543045329252479,0.913283908053096,0.568554339400941,0.565593087195601,0.6752789195537288,0.5363805970149254,0.9112519809825673,0.6395130115378348,19,13,0.59375,4,5,0.4444444444444444,23,18,0.5609756097560976,outlier=None;scale=None;reduce_pre__method=pca;select__method=forward;select__k=10;reduce_post__method=None;clf=SVC(probability=True)
white_rhino,0.407384143054348,0.4394972297778095,-0.8015320619068614,SVC(probability=True),None,None,pca,None,1,forward,0.6990261167013019,0.34469224679527793,0.5844032763950628,0.5796178343949044,0.4906493506493506,0.22187183383991896,0.3555035650623886,0.37462235649546827,0.2247191011235955,0.24390243902439024,0.20833333333333334,0.33810531788472964,0.6494126009746468,0.3201281642042061,0.5251467531634009,0.5263157894736842,0.44931506849315067,0.5301724137931034,0.3898573692551506,0.5500083929479489,15,17,0.46875,2,7,0.2222222222222222,17,24,0.4146341463414634,outlier=None;scale=None;reduce_pre__method=pca;select__method=forward;select__k=1;reduce_post__method=None;clf=SVC(probability=True)
white_rhino,0.41444505208576776,0.4542184686404365,-0.7952718758172113,"LogisticRegression(max_iter=200, penalty='l1', solver='saga')",OutlierCleanerTransformer(),None,pca,FeatureScalerTransformer(),2,random_forest,0.4188874286000043,0.7447608655122211,0.5900241442335898,0.5934182590233545,0.5045640074211503,0.6292426545086119,0.571301247771836,0.5589123867069486,0.5680473372781065,0.4948453608247423,0.6666666666666666,0.5899064171122994,0.4392866140336104,0.7216572233114993,0.5853044418442762,0.584446190102121,0.6202440775305097,0.5669291338582677,0.6846275752773375,0.6058079199806469,20,12,0.625,5,4,0.5555555555555556,25,16,0.6097560975609756,"outlier=OutlierCleanerTransformer();scale=FeatureScalerTransformer();reduce_pre__method=pca;select__method=random_forest;select__k=2;reduce_post__method=None;clf=LogisticRegression(max_iter=200, penalty='l1', solver='saga')"
white_rhino,0.5752377903045374,0.566541317337853,-0.8301456160700779,LinearDiscriminantAnalysis(),OutlierCleanerTransformer(),None,None,FeatureScalerTransformer(),10,forward,0.7021622485175386,0.7178211297484448,0.7423697452444886,0.7430997876857749,0.5278540507111936,0.5860878926038501,0.5568924539512775,0.5498489425981873,0.5415384615384615,0.4861878453038674,0.6111111111111112,0.578542780748663,0.660660296658885,0.6914744823195259,0.6931612285300985,0.6928515318146111,0.7017543859649122,0.6764705882352942,0.7290015847860539,0.7600949884226689,27,5,0.84375,4,5,0.4444444444444444,31,10,0.7560975609756098,outlier=OutlierCleanerTransformer();scale=FeatureScalerTransformer();reduce_pre__method=None;select__method=forward;select__k=10;reduce_post__method=None;clf=LinearDiscriminantAnalysis()
white_rhino,0.5693170501039223,0.5594266073206284,-0.7711763048647164,"RandomForestClassifier(max_depth=20, n_jobs=-1)",None,None,pca,None,7,forward,1.0,1.0,1.0,1.0,0.5607421150278293,0.5555091185410335,0.5457144979203803,0.5498489425981873,0.4983164983164983,0.48366013071895425,0.5138888888888888,0.5642453951277481,0.8954147892923403,0.9111018237082067,0.8830060083633258,0.8829536527886881,0.8827694728560189,0.8765625,0.8890649762282092,0.9548632196335737,32,0,1.0,5,4,0.5555555555555556,37,4,0.9024390243902439,"outlier=None;scale=None;reduce_pre__method=pca;select__method=forward;select__k=7;reduce_post__method=None;clf=RandomForestClassifier(max_depth=20, n_jobs=-1)"
white_rhino,0.5185932713850795,0.499448386413562,-3.485259005611958,KNeighborsClassifier(n_neighbors=7),None,None,None,FeatureScalerTransformer(),3,lasso,0.7317405084286633,0.7689216342250964,0.7740370512444434,0.7749469214437368,0.3130055658627087,0.4599227456940223,0.3161207664884136,0.311178247734139,0.3090909090909091,0.27419354838709675,0.3541666666666667,0.28869578134284013,0.6320417125796264,0.7071218565188815,0.6547412750369043,0.6543597800471328,0.6671709531013615,0.638205499276411,0.6988906497622821,0.7235486371333639,29,3,0.90625,2,7,0.2222222222222222,31,10,0.7560975609756098,outlier=None;scale=FeatureScalerTransformer();reduce_pre__method=None;select__method=lasso;select__k=3;reduce_post__method=None;clf=KNeighborsClassifier(n_neighbors=7)
white_rhino,0.5157500631012144,0.519104842793876,-3.824277547967487,KNeighborsClassifier(),None,None,pca,None,11,forward,0.7611616680732805,0.8333720067226046,0.8231423607193629,0.8237791932059448,0.48338280766852204,0.6802114994934144,0.5742535650623886,0.5649546827794562,0.5636363636363636,0.5,0.6458333333333334,0.6143233808674986,0.6950238441673855,0.8027399052767665,0.7568291442649011,0.7564807541241163,0.7644376899696048,0.7343065693430657,0.7971473851030111,0.834202250297456,32,0,1.0,6,3,0.6666666666666666,38,3,0.926829268292683,outlier=None;scale=None;reduce_pre__method=pca;select__method=forward;select__k=11;reduce_post__method=None;clf=KNeighborsClassifier()
white_rhino,0.5932528520190831,0.5774377514851962,-0.796911743211897,"SVC(kernel='linear', probability=True)",None,None,pca,None,10,forward,0.7079710800744384,0.6878926640084873,0.7374528961797955,0.7377919320594479,0.5284230055658627,0.5513044579533941,0.5456773618538324,0.540785498489426,0.525,0.4772727272727273,0.5833333333333334,0.5870098039215687,0.6652215385247776,0.6605750227974687,0.68676777700431,0.6865671641791045,0.6918918918918919,0.6746987951807228,0.7099841521394612,0.7626745856599079,25,7,0.78125,3,6,0.3333333333333333,28,13,0.6829268292682927,"outlier=None;scale=None;reduce_pre__method=pca;select__method=forward;select__k=10;reduce_post__method=None;clf=SVC(kernel='linear', probability=True)"
white_rhino,0.551391872563592,0.5446987008128413,-0.7691610201394835,"RandomForestClassifier(max_depth=20, n_jobs=-1)",None,None,None,FeatureScalerTransformer(),10,forward,1.0,1.0,1.0,1.0,0.5578602350030921,0.5693832320162108,0.5384915329768272,0.540785498489426,0.4966887417218543,0.47468354430379744,0.5208333333333334,0.5588978015448605,0.8947286273816888,0.9138766464032422,0.8806831365927594,0.8805970149253731,0.8808777429467085,0.8713178294573644,0.8906497622820919,0.9572292904009361,32,0,1.0,5,4,0.5555555555555556,37,4,0.9024390243902439,"outlier=None;scale=FeatureScalerTransformer();reduce_pre__method=None;select__method=forward;select__k=10;reduce_post__method=None;clf=RandomForestClassifier(max_depth=20, n_jobs=-1)"
white_rhino,0.449671141399694,0.4627111647404263,-1.9092930851282546,KNeighborsClassifier(n_neighbors=7),None,None,pca,None,1,lasso,0.6038017180514017,0.740537342451796,0.679427759099217,0.6815286624203821,0.45411873840445266,0.5453330800405268,0.4727235591206179,0.46827794561933533,0.453416149068323,0.4101123595505618,0.5069444444444444,0.45526960784313725,0.5681629133735567,0.7014964899695422,0.6266088540663832,0.6260801256873527,0.6458333333333334,0.6086956521739131,0.687797147385103,0.6705879013186802,29,3,0.90625,4,5,0.4444444444444444,33,8,0.8048780487804879,outlier=None;scale=None;reduce_pre__method=pca;select__method=lasso;select__k=1;reduce_post__method=None;clf=KNeighborsClassifier(n_neighbors=7)
white_rhino,0.5569314191073593,0.5575050707294578,-1.2441879962052782,"LGBMClassifier(max_depth=10, verbose=-1)",None,None,pca,None,10,forward,1.0,1.0,1.0,1.0,0.5269202226345084,0.6027545592705167,0.5467543077837196,0.5438066465256798,0.5206349206349207,0.47953216374269003,0.5694444444444444,0.5873068924539514,0.887361957770121,0.9205509118541034,0.8815569905850873,0.8813825608798115,0.8828549262994569,0.8647416413373861,0.901743264659271,0.9452063924641203,32,0,1.0,5,4,0.5555555555555556,37,4,0.9024390243902439,"outlier=None;scale=None;reduce_pre__method=pca;select__method=forward;select__k=10;reduce_post__method=None;clf=LGBMClassifier(max_depth=10, verbose=-1)"
white_rhino,0.5024489892899322,0.494509561765212,-6.124967753264862,KNeighborsClassifier(n_neighbors=3),None,None,pca,None,5,forward,0.8133634967087033,0.8230891085616822,0.826944513392152,0.826963906581741,0.528051948051948,0.5514247720364742,0.5296717171717171,0.5317220543806647,0.4884488448844885,0.46540880503144655,0.5138888888888888,0.529486036838978,0.7454321755999521,0.7687562412566407,0.7502456171532108,0.7501963864886095,0.75,0.7441497659906396,0.7559429477020603,0.8069387462910576,32,0,1.0,4,5,0.4444444444444444,36,5,0.8780487804878049,outlier=None;scale=None;reduce_pre__method=pca;select__method=forward;select__k=5;reduce_post__method=None;clf=KNeighborsClassifier(n_neighbors=3)
white_rhino,0.5635623362095024,0.5545367694826895,-1.392612700113204,"XGBClassifier(base_score=None, booster=None, callbacks=None,
              colsample_bylevel=None, colsample_bynode=None,
              colsample_bytree=None, device=None, early_stopping_rounds=None,
              enable_categorical=False, eval_metric=None, feature_types=None,
              feature_weights=None, gamma=None, grow_policy=None,
              importance_type=None, interaction_constraints=None,
              learning_rate=None, max_bin=None, max_cat_threshold=None,
              max_cat_to_onehot=None, max_delta_step=None, max_depth=None,
              max_leaves=None, min_child_weight=None, missing=nan,
              monotone_constraints=None, multi_strategy=None, n_estimators=100,
              n_jobs=None, num_parallel_tree=None, ...)",None,None,None,FeatureScalerTransformer(),10,forward,1.0,1.0,1.0,1.0,0.5218058132343846,0.5757472137791286,0.5309900475341652,0.5287009063444109,0.5031847133757962,0.4647058823529412,0.5486111111111112,0.5779486036838978,0.8861442412462821,0.9151494427558259,0.8776221791055092,0.8774548311076198,0.8788819875776398,0.8614916286149162,0.8969889064976229,0.9400274498768212,32,0,1.0,5,4,0.5555555555555556,37,4,0.9024390243902439,"outlier=None;scale=FeatureScalerTransformer();reduce_pre__method=None;select__method=forward;select__k=10;reduce_post__method=None;clf=XGBClassifier(base_score=None, booster=None, callbacks=None,
              colsample_bylevel=None, colsample_bynode=None,
              colsample_bytree=None, device=None, early_stopping_rounds=None,
              enable_categorical=False, eval_metric=None, feature_types=None,
              feature_weights=None, gamma=None, grow_policy=None,
              importance_type=None, interaction_constraints=None,
              learning_rate=None, max_bin=None, max_cat_threshold=None,
              max_cat_to_onehot=None, max_delta_step=None, max_depth=None,
              max_leaves=None, min_child_weight=None, missing=nan,
              monotone_constraints=None, multi_strategy=None, n_estimators=100,
              n_jobs=None, num_parallel_tree=None, ...)"
white_rhino,0.5100203170329654,0.4871543609218997,-4.885218135960417,KNeighborsClassifier(),None,None,pca,FeatureScalerTransformer(),3,lasso,0.7815417040291229,0.7856053140101389,0.7946273439086581,0.7951167728237792,0.33170068027210886,0.4611132218844985,0.3337603980986334,0.3293051359516616,0.3231707317073171,0.28804347826086957,0.3680555555555556,0.30392156862745096,0.6744366983726909,0.7207068955850108,0.6742931409867144,0.6739984289080911,0.6829640947288006,0.6592920353982301,0.7083993660855784,0.7348235752970856,31,1,0.96875,2,7,0.2222222222222222,33,8,0.8048780487804879,outlier=None;scale=FeatureScalerTransformer();reduce_pre__method=pca;select__method=lasso;select__k=3;reduce_post__method=None;clf=KNeighborsClassifier()
white_rhino,0.5899515367093262,0.5824040891210647,-0.8127908321480783,LinearDiscriminantAnalysis(),None,None,pca,FeatureScalerTransformer(),13,forward,0.7266528704945594,0.7202223207367813,0.74977322472189,0.7505307855626328,0.5172418058132344,0.5551735055724417,0.5368575460487225,0.5317220543806647,0.5171339563862928,0.4689265536723164,0.5763888888888888,0.5525103980986333,0.676793093189482,0.6872125577039133,0.693926467901911,0.6936370777690495,0.7018348623853211,0.6779911373707533,0.7274167987321711,0.7634891953137729,28,4,0.875,4,5,0.4444444444444444,32,9,0.7804878048780488,outlier=None;scale=FeatureScalerTransformer();reduce_pre__method=pca;select__method=forward;select__k=13;reduce_post__method=None;clf=LinearDiscriminantAnalysis()
white_rhino,0.5909568948593545,0.5775402651858709,-0.8028397734176348,LogisticRegression(max_iter=200),None,None,None,FeatureScalerTransformer(),10,forward,0.7117832059592197,0.692428449794273,0.7393618701626915,0.7399150743099787,0.5157142857142858,0.5628736068895643,0.5446004159239454,0.5377643504531722,0.5292307692307693,0.47513812154696133,0.5972222222222222,0.5873811645870469,0.665100129710426,0.6665174812133313,0.6876280541690735,0.6873527101335428,0.6952526799387443,0.6725925925925926,0.7194928684627575,0.762341336256054,25,7,0.78125,3,6,0.3333333333333333,28,13,0.6829268292682927,outlier=None;scale=FeatureScalerTransformer();reduce_pre__method=None;select__method=forward;select__k=10;reduce_post__method=None;clf=LogisticRegression(max_iter=200)
white_rhino,0.5668245832982771,0.5580984475452879,-0.824240530789121,"LogisticRegression(max_iter=200, penalty='l1', solver='saga')",None,None,None,FeatureScalerTransformer(),8,forward,0.7018983630449417,0.7067621751915063,0.7403163571541396,0.7409766454352441,0.541082251082251,0.5462069402228977,0.5571709744503862,0.552870090634441,0.5345911949685535,0.4885057471264368,0.5902777777777778,0.5815136660724896,0.6636088125776345,0.6746511281977846,0.6923145281928995,0.6920659858601729,0.6989247311827957,0.6780923994038748,0.7210776545166403,0.7558491441661608,25,7,0.78125,3,6,0.3333333333333333,28,13,0.6829268292682927,"outlier=None;scale=FeatureScalerTransformer();reduce_pre__method=None;select__method=forward;select__k=8;reduce_post__method=None;clf=LogisticRegression(max_iter=200, penalty='l1', solver='saga')"
white_rhino,0.5339055444933674,0.5241226568323193,-0.7395587557599704,"LogisticRegression(max_iter=200, penalty='l1', solver='saga')",None,None,pca,None,10,forward,0.6455003063319027,0.7226985962725325,0.7129882437890651,0.7144373673036093,0.4449288806431664,0.6476190476190476,0.5611259655377302,0.5438066465256798,0.5698005698005698,0.4830917874396135,0.6944444444444444,0.6462418300653595,0.5977452049774417,0.7076826865418355,0.6706841733686825,0.6700706991358995,0.6902654867256637,0.6455172413793103,0.7416798732171157,0.7441311077210184,27,5,0.84375,5,4,0.5555555555555556,32,9,0.7804878048780488,"outlier=None;scale=None;reduce_pre__method=pca;select__method=forward;select__k=10;reduce_post__method=None;clf=LogisticRegression(max_iter=200, penalty='l1', solver='saga')"
white_rhino,0.48145838591767853,0.4504314778993911,-2.5068478975701307,KNeighborsClassifier(n_neighbors=7),None,None,pca,None,8,lasso,0.8340391602990993,0.8037530250648994,0.8413024347315928,0.8407643312101911,0.4603339517625232,0.38949468085106387,0.3731060606060606,0.38368580060422963,0.2916666666666667,0.2916666666666667,0.2916666666666667,0.31712344028520495,0.7450617296951526,0.7209013562221323,0.7217601986660149,0.7219167321288296,0.714975845410628,0.7266775777414075,0.7036450079239303,0.7856342353283865,31,1,0.96875,3,6,0.3333333333333333,34,7,0.8292682926829268,outlier=None;scale=None;reduce_pre__method=pca;select__method=lasso;select__k=8;reduce_post__method=None;clf=KNeighborsClassifier(n_neighbors=7)
white_rhino,0.35884903385029593,0.5,-0.722510831647087,"LogisticRegression(max_iter=200, penalty='l1', solver='saga')",None,None,pca,None,1,lasso,0.5056064858388062,0.5892355470167623,0.5765891192995916,0.578556263269639,0.33856524427953,0.5687816616008106,0.42994281045751637,0.4199395770392749,0.4319526627218935,0.37628865979381443,0.5069444444444444,0.4014594474153298,0.4658347616580262,0.5851447699335719,0.5378966285034387,0.5373134328358209,0.5646711012564671,0.5290858725761773,0.6053882725832013,0.5625163539059299,18,14,0.5625,3,6,0.3333333333333333,21,20,0.5121951219512195,"outlier=None;scale=None;reduce_pre__method=pca;select__method=lasso;select__k=1;reduce_post__method=None;clf=LogisticRegression(max_iter=200, penalty='l1', solver='saga')"
white_rhino,0.511297485611365,0.5127436796428784,-8.957911337230708,KNeighborsClassifier(n_neighbors=3),None,None,pca,FeatureScalerTransformer(),8,random_forest,0.8824013972909517,0.9142914894566034,0.9071394724372137,0.9076433121019108,0.4453123067408781,0.5682687436676799,0.49116161616161613,0.486404833836858,0.4720496894409938,0.42696629213483145,0.5277777777777778,0.5050319370172311,0.7783325662076007,0.8450869402988188,0.7984050930382965,0.798114689709348,0.8033664881407804,0.7766272189349113,0.8320126782884311,0.8522051236478714,32,0,1.0,4,5,0.4444444444444444,36,5,0.8780487804878049,outlier=None;scale=FeatureScalerTransformer();reduce_pre__method=pca;select__method=random_forest;select__k=8;reduce_post__method=None;clf=KNeighborsClassifier(n_neighbors=3)
white_rhino,0.5898532468301377,0.5843310859782962,-0.7925599027966262,LinearDiscriminantAnalysis(),None,None,None,FeatureScalerTransformer(),12,forward,0.7268529635055858,0.7070124853782043,0.7436852675045693,0.7441613588110403,0.5286703772418058,0.5394376899696048,0.538732917409388,0.5347432024169184,0.5157232704402516,0.47126436781609193,0.5694444444444444,0.5574123588829472,0.679666633442781,0.6734975262964844,0.6899237722845111,0.6897093479968578,0.6954510408635313,0.6771771771771772,0.7147385103011094,0.7614008323829554,26,6,0.8125,3,6,0.3333333333333333,29,12,0.7073170731707317,outlier=None;scale=FeatureScalerTransformer();reduce_pre__method=None;select__method=forward;select__k=12;reduce_post__method=None;clf=LinearDiscriminantAnalysis()
white_rhino,0.5898532468301377,0.5843310859782962,-0.7925599027966262,LinearDiscriminantAnalysis(),None,None,pca,FeatureScalerTransformer(),12,forward,0.7268529635055858,0.7070124853782043,0.7436852675045693,0.7441613588110403,0.5286703772418058,0.5394376899696048,0.538732917409388,0.5347432024169184,0.5157232704402516,0.47126436781609193,0.5694444444444444,0.5574123588829472,0.679666633442781,0.6734975262964844,0.6899237722845111,0.6897093479968578,0.6954510408635313,0.6771771771771772,0.7147385103011094,0.7614008323829554,26,6,0.8125,3,6,0.3333333333333333,29,12,0.7073170731707317,outlier=None;scale=FeatureScalerTransformer();reduce_pre__method=pca;select__method=forward;select__k=12;reduce_post__method=None;clf=LinearDiscriminantAnalysis()
white_rhino,0.5787444728010395,0.5742677544527417,-0.8064978978001692,LinearDiscriminantAnalysis(),None,None,pca,FeatureScalerTransformer(),7,forward,0.6946781342358472,0.7132113591104483,0.7323352212469255,0.7335456475583864,0.5100556586270872,0.5095238095238095,0.5229686571598336,0.5196374622356495,0.49842271293375395,0.45664739884393063,0.5486111111111112,0.5556298276886512,0.6507204019480471,0.6724738491931206,0.6782686829489857,0.6779261586802828,0.6884498480243161,0.6613138686131387,0.7179080824088748,0.7469995211082641,25,7,0.78125,3,6,0.3333333333333333,28,13,0.6829268292682927,outlier=None;scale=FeatureScalerTransformer();reduce_pre__method=pca;select__method=forward;select__k=7;reduce_post__method=None;clf=LinearDiscriminantAnalysis()
white_rhino,0.5510870625371986,0.5461176862264449,-0.7587976097923359,"RandomForestClassifier(max_depth=20, n_jobs=-1)",None,None,None,None,8,forward,1.0,1.0,1.0,1.0,0.5586765615337044,0.556661600810537,0.5446375519904931,0.5468277945619335,0.5033112582781457,0.4810126582278481,0.5277777777777778,0.5491867201426025,0.8949229908413582,0.9113323201621075,0.8822543458190777,0.8821681068342498,0.8824451410658307,0.8728682170542635,0.8922345483359746,0.9560098444342413,32,0,1.0,5,4,0.5555555555555556,37,4,0.9024390243902439,"outlier=None;scale=None;reduce_pre__method=None;select__method=forward;select__k=8;reduce_post__method=None;clf=RandomForestClassifier(max_depth=20, n_jobs=-1)"
white_rhino,0.45605636886009604,0.4611998455441483,-6.464042586685553,KNeighborsClassifier(n_neighbors=3),None,None,pca,None,1,lasso,0.7330889366762416,0.7117132313765726,0.7216756549405421,0.7208067940552016,0.4788930117501546,0.4437310030395136,0.4505718954248366,0.45317220543806647,0.4065573770491803,0.38509316770186336,0.4305555555555556,0.4564765300059417,0.6725660974081258,0.6581167857091608,0.6510829371368199,0.6512175962293795,0.6436597110754414,0.6520325203252032,0.6354992076069731,0.6999447052841014,29,3,0.90625,5,4,0.5555555555555556,34,7,0.8292682926829268,outlier=None;scale=None;reduce_pre__method=pca;select__method=lasso;select__k=1;reduce_post__method=None;clf=KNeighborsClassifier(n_neighbors=3)
white_rhino,0.5102305687211175,0.5034762816188272,-1.6165941030787359,KNeighborsClassifier(n_neighbors=7),OutlierCleanerTransformer(),None,None,FeatureScalerTransformer(),1,random_forest,0.6628966432976435,0.7346608426593132,0.7241938759392558,0.7250530785562632,0.3808410636982066,0.43290906788247213,0.3909499405822935,0.3867069486404834,0.37538461538461537,0.3370165745856354,0.4236111111111111,0.35958853238265004,0.5957405529168252,0.674310487703945,0.6374036662371452,0.6370777690494894,0.6484018264840182,0.623718887262079,0.6751188589540412,0.6963986847756861,25,7,0.78125,2,7,0.2222222222222222,27,14,0.6585365853658537,outlier=OutlierCleanerTransformer();scale=FeatureScalerTransformer();reduce_pre__method=None;select__method=random_forest;select__k=1;reduce_post__method=None;clf=KNeighborsClassifier(n_neighbors=7)
white_rhino,0.5898532468301377,0.5843310859782962,-0.792559902796625,LinearDiscriminantAnalysis(),None,None,None,None,12,forward,0.7268529635055858,0.7070124853782043,0.7436852675045693,0.7441613588110403,0.5286703772418058,0.5394376899696048,0.538732917409388,0.5347432024169184,0.5157232704402516,0.47126436781609193,0.5694444444444444,0.5574123588829472,0.679666633442781,0.6734975262964844,0.6899237722845111,0.6897093479968578,0.6954510408635313,0.6771771771771772,0.7147385103011094,0.7614008323829554,26,6,0.8125,3,6,0.3333333333333333,29,12,0.7073170731707317,outlier=None;scale=None;reduce_pre__method=None;select__method=forward;select__k=12;reduce_post__method=None;clf=LinearDiscriminantAnalysis()
white_rhino,0.5330968362141764,0.5358209792807025,-2.882675988305058,KNeighborsClassifier(),OutlierCleanerTransformer(),None,None,FeatureScalerTransformer(),1,random_forest,0.6988044952413905,0.7554801758126632,0.7424419522982151,0.7430997876857749,0.35558441558441556,0.3942185916919959,0.3725118835412953,0.3685800604229607,0.3569230769230769,0.32044198895027626,0.4027777777777778,0.3613896316102199,0.6170854286563965,0.6832278589885298,0.6460113749129849,0.6457187745483111,0.6554621848739496,0.6327433628318584,0.6798732171156894,0.7041720356848399,29,3,0.90625,1,8,0.1111111111111111,30,11,0.7317073170731707,outlier=OutlierCleanerTransformer();scale=FeatureScalerTransformer();reduce_pre__method=None;select__method=random_forest;select__k=1;reduce_post__method=None;clf=KNeighborsClassifier()
white_rhino,0.467645981932798,0.4732225275058567,-3.2829067691285823,KNeighborsClassifier(),OutlierCleanerTransformer(),None,None,FeatureScalerTransformer(),1,lasso,0.6077776227959136,0.7066308127426384,0.6927589863934833,0.6942675159235668,0.3752009894867038,0.4948518237082067,0.4136586452762923,0.4078549848942598,0.4024390243902439,0.358695652173913,0.4583333333333333,0.38175876411170534,0.5524022339127684,0.664275014935752,0.6202561330232879,0.6197957580518461,0.6371814092953523,0.604551920341394,0.6735340729001584,0.6726367680238556,27,5,0.84375,2,7,0.2222222222222222,29,12,0.7073170731707317,outlier=OutlierCleanerTransformer();scale=FeatureScalerTransformer();reduce_pre__method=None;select__method=lasso;select__k=1;reduce_post__method=None;clf=KNeighborsClassifier()
white_rhino,0.3829594391626391,0.4405405678863469,-0.836958174719738,"LogisticRegression(max_iter=200, penalty='l1', solver='saga')",OutlierCleanerTransformer(),None,pca,None,1,forward,0.5411140767522543,0.5507063792041893,0.5811291378026491,0.5828025477707006,0.23523809523809525,0.5476380445795339,0.3903557635175282,0.3716012084592145,0.425414364640884,0.3532110091743119,0.5347222222222222,0.3279671717171717,0.4682864621060259,0.5500927122792583,0.5285779877660441,0.5278868813825609,0.5609934258582907,0.5203252032520326,0.6085578446909667,0.5529570330435298,19,13,0.59375,3,6,0.3333333333333333,22,19,0.5365853658536586,"outlier=OutlierCleanerTransformer();scale=None;reduce_pre__method=pca;select__method=forward;select__k=1;reduce_post__method=None;clf=LogisticRegression(max_iter=200, penalty='l1', solver='saga')"
white_rhino,0.39766300368012514,0.43664118064351937,-0.8607039109132568,"LogisticRegression(max_iter=200, penalty='l1', solver='saga')",None,None,None,FeatureScalerTransformer(),5,random_forest,0.5123239649571001,0.6504430465289753,0.6221968996096305,0.6252653927813163,0.3646567717996289,0.6116451367781155,0.5156714200831848,0.49244712990936557,0.5434782608695652,0.44642857142857145,0.6944444444444444,0.5674390968508616,0.47716510944341645,0.6426834645788034,0.591738623852758,0.5907305577376276,0.6318021201413427,0.5701530612244898,0.7083993660855784,0.645903994549521,21,11,0.65625,4,5,0.4444444444444444,25,16,0.6097560975609756,"outlier=None;scale=FeatureScalerTransformer();reduce_pre__method=None;select__method=random_forest;select__k=5;reduce_post__method=None;clf=LogisticRegression(max_iter=200, penalty='l1', solver='saga')"
white_rhino,0.503762889007301,0.4963068102264095,-0.7763280194056996,SVC(probability=True),OutlierCleanerTransformer(),None,None,FeatureScalerTransformer(),1,random_forest,0.5583207518339288,0.6557194294219809,0.631060315454566,0.6337579617834395,0.3146691403834261,0.4591755319148936,0.3404263220439691,0.3323262839879154,0.34421364985163205,0.3005181347150259,0.4027777777777778,0.28375668449197855,0.5003084633933329,0.6164106499205634,0.5561080912955256,0.5553809897879026,0.5880640465793304,0.5437415881561238,0.6402535657686212,0.60520807105371,19,13,0.59375,3,6,0.3333333333333333,22,19,0.5365853658536586,outlier=OutlierCleanerTransformer();scale=FeatureScalerTransformer();reduce_pre__method=None;select__method=random_forest;select__k=1;reduce_post__method=None;clf=SVC(probability=True)
white_rhino,0.4699432322779071,0.46386599257576877,-0.7865175828100804,"LogisticRegression(max_iter=200, penalty='l1', solver='saga')",None,None,None,FeatureScalerTransformer(),3,lasso,0.4912798772257289,0.6996786935173337,0.6164857729539455,0.6199575371549894,0.5320902906617192,0.4987335359675785,0.47463606654783125,0.48036253776435045,0.4189189189189189,0.40789473684210525,0.4305555555555556,0.41610962566844917,0.5009966423295362,0.6594896620073827,0.584254089093611,0.5836606441476826,0.6085672082717873,0.5698478561549101,0.652931854199683,0.6016139145202937,20,12,0.625,5,4,0.5555555555555556,25,16,0.6097560975609756,"outlier=None;scale=FeatureScalerTransformer();reduce_pre__method=None;select__method=lasso;select__k=3;reduce_post__method=None;clf=LogisticRegression(max_iter=200, penalty='l1', solver='saga')"
white_rhino,0.5191206105704662,0.5207214619104252,-1.894795154293257,"RandomForestClassifier(max_depth=15, n_estimators=50, n_jobs=-1)",OutlierCleanerTransformer(),None,pca,FeatureScalerTransformer(),1,random_forest,0.8830290387873516,0.8914222932967719,0.8723920843017352,0.8726114649681529,0.37653679653679656,0.42156155015197566,0.39897133095662507,0.3957703927492447,0.37888198757763975,0.34269662921348315,0.4236111111111111,0.37681966726084376,0.7624356477753147,0.7974501446678126,0.7488509066852298,0.7486252945797329,0.7534668721109399,0.7331334332833583,0.7749603803486529,0.796868443009415,32,0,1.0,1,8,0.1111111111111111,33,8,0.8048780487804879,"outlier=OutlierCleanerTransformer();scale=FeatureScalerTransformer();reduce_pre__method=pca;select__method=random_forest;select__k=1;reduce_post__method=None;clf=RandomForestClassifier(max_depth=15, n_estimators=50, n_jobs=-1)"
white_rhino,0.5237715050496552,0.5242721995602178,-3.8383157620232864,"RandomForestClassifier(n_estimators=20, n_jobs=-1)",OutlierCleanerTransformer(),None,None,FeatureScalerTransformer(),1,random_forest,0.8847071620514293,0.8731690542591544,0.8632962520026175,0.8630573248407644,0.3830117501546073,0.3888614488348531,0.3973744800950683,0.3957703927492447,0.3710691823899371,0.3390804597701149,0.4097222222222222,0.3829099821746881,0.7652558735045668,0.7763075331742941,0.7416650621324999,0.7415553809897879,0.7431693989071039,0.7323076923076923,0.7543581616481775,0.7914722711810852,32,0,1.0,1,8,0.1111111111111111,33,8,0.8048780487804879,"outlier=OutlierCleanerTransformer();scale=FeatureScalerTransformer();reduce_pre__method=None;select__method=random_forest;select__k=1;reduce_post__method=None;clf=RandomForestClassifier(n_estimators=20, n_jobs=-1)"
white_rhino,0.4575690451929339,0.48682047324120126,-0.8539973226328021,SVC(probability=True),OutlierCleanerTransformer(),None,pca,None,2,random_forest,0.1728120204520101,0.9362100557413058,0.5649479883566126,0.5774946921443737,0.06793444650587507,0.8583333333333334,0.4738562091503268,0.4199395770392749,0.5714285714285714,0.42105263157894735,0.8888888888888888,0.6032754010695187,0.14784116951245413,0.9206347112597113,0.5398467546445093,0.5365278868813825,0.664009111617312,0.5182222222222223,0.9239302694136292,0.6064818243306624,17,15,0.53125,4,5,0.4444444444444444,21,20,0.5121951219512195,outlier=OutlierCleanerTransformer();scale=None;reduce_pre__method=pca;select__method=random_forest;select__k=2;reduce_post__method=None;clf=SVC(probability=True)
white_rhino,0.535520452583722,0.5488080748409497,-2.325644639165005,"RandomForestClassifier(max_depth=20, n_jobs=-1)",None,None,None,None,1,random_forest,0.8873416126644202,0.9085415837058287,0.8797233567254101,0.8800424628450106,0.3849165120593692,0.38822821681864234,0.3973744800950683,0.3957703927492447,0.3710691823899371,0.3390804597701149,0.4097222222222222,0.38174019607843135,0.7677165887108366,0.8044789103283915,0.7543433505635617,0.7541241162608012,0.7586738627602159,0.7387387387387387,0.7797147385103012,0.8003848413485986,32,0,1.0,1,8,0.1111111111111111,33,8,0.8048780487804879,"outlier=None;scale=None;reduce_pre__method=None;select__method=random_forest;select__k=1;reduce_post__method=None;clf=RandomForestClassifier(max_depth=20, n_jobs=-1)"
white_rhino,0.5262628188948406,0.5246026643027742,-0.7804109685866816,"RandomForestClassifier(max_depth=20, n_jobs=-1)",None,None,None,FeatureScalerTransformer(),12,forward,1.0,1.0,1.0,1.0,0.5641805813234384,0.5813259878419453,0.5384915329768272,0.540785498489426,0.4966887417218543,0.47468354430379744,0.5208333333333334,0.5538287284610813,0.8962334717436756,0.9162651975683891,0.8806831365927594,0.8805970149253731,0.8808777429467085,0.8713178294573644,0.8906497622820919,0.9595126659458606,32,0,1.0,5,4,0.5555555555555556,37,4,0.9024390243902439,"outlier=None;scale=FeatureScalerTransformer();reduce_pre__method=None;select__method=forward;select__k=12;reduce_post__method=None;clf=RandomForestClassifier(max_depth=20, n_jobs=-1)"
white_rhino,0.502246130571214,0.4951351791238154,-0.8437146131150566,"RandomForestClassifier(max_depth=20, n_jobs=-1)",None,None,pca,FeatureScalerTransformer(),5,forward,1.0,1.0,1.0,1.0,0.525504019789734,0.47273302938196554,0.5192550505050505,0.5226586102719033,0.47333333333333333,0.4551282051282051,0.4930555555555556,0.5601047237076648,0.8870247666166035,0.894546605876393,0.87595593208624,0.8758837391987431,0.8759811616954474,0.8678071539657853,0.884310618066561,0.944021505694862,32,0,1.0,3,6,0.3333333333333333,35,6,0.8536585365853658,"outlier=None;scale=FeatureScalerTransformer();reduce_pre__method=pca;select__method=forward;select__k=5;reduce_post__method=None;clf=RandomForestClassifier(max_depth=20, n_jobs=-1)"
white_rhino,0.5882527819066227,0.5797102729616079,-0.7934149881072944,"SVC(kernel='linear', probability=True)",None,None,None,FeatureScalerTransformer(),7,forward,0.6984480617786026,0.7305255482996376,0.7386397996254259,0.7399150743099787,0.5057575757575757,0.4803571428571428,0.5072043969102793,0.5045317220543807,0.4810126582278481,0.4418604651162791,0.5277777777777778,0.5508578431372548,0.652569374630739,0.6804918672111386,0.679061075975927,0.6787117046347211,0.689445709946849,0.6618075801749271,0.7194928684627575,0.746228110451195,24,8,0.75,3,6,0.3333333333333333,27,14,0.6585365853658537,"outlier=None;scale=FeatureScalerTransformer();reduce_pre__method=None;select__method=forward;select__k=7;reduce_post__method=None;clf=SVC(kernel='linear', probability=True)"
white_rhino,0.5714632003066251,0.5672928480093468,-0.8138636939461804,LogisticRegression(max_iter=200),None,None,pca,None,7,forward,0.7093803441427986,0.7059690904770507,0.7369474468037096,0.7377919320594479,0.5193630179344465,0.5217261904761905,0.5352606951871658,0.5317220543806647,0.5110410094637224,0.4682080924855491,0.5625,0.5601975638740344,0.6641381236170004,0.6691205104768787,0.6844856357164368,0.6842105263157895,0.6921898928024502,0.6696296296296296,0.716323296354992,0.7476117126057142,25,7,0.78125,3,6,0.3333333333333333,28,13,0.6829268292682927,outlier=None;scale=None;reduce_pre__method=pca;select__method=forward;select__k=7;reduce_post__method=None;clf=LogisticRegression(max_iter=200)
