selection_method,k_features,reducer,duration_seconds,n_comparisons
forward,5,pca,31.957646131515503,2620
forward,5,lda,30.56664276123047,2620
forward,10,pca,65.40649676322937,2620
forward,10,lda,63.9132137298584,2620
forward,15,pca,102.89987969398499,2620
forward,15,lda,101.96916556358337,2620
forward,20,pca,146.65182638168335,2620
forward,20,lda,147.54016852378845,2620
random_forest,5,pca,17.827019691467285,2620
random_forest,5,lda,17.95457172393799,2620
random_forest,10,pca,17.75606417655945,2620
random_forest,10,lda,17.97843337059021,2620
random_forest,15,pca,17.92730474472046,2620
random_forest,15,lda,17.82042169570923,2620
random_forest,20,pca,17.828770399093628,2620
random_forest,20,lda,17.855700731277466,2620
