mean_fit_time,std_fit_time,mean_score_time,std_score_time,param_clf,param_outlier,param_reduce_pre,param_scale,param_select,params,split0_test_score,split1_test_score,split2_test_score,mean_test_score,std_test_score,rank_test_score
4.93735917409261,0.6604119405864857,0.443071444829305,0.020648161623148996,"RandomForestClassifier(n_estimators=20, n_jobs=-1)",OutlierCleanerTransformer(method='zscore'),"DimensionalityReducerTransformer(method='umap', n_components=5)",passthrough,"FeatureSelectionTransformer(k=10, method='forward')","OrderedDict([('clf', RandomForestClassifier(n_estimators=20, n_jobs=-1)), ('outlier', OutlierCleanerTransformer(method='zscore')), ('reduce_pre', DimensionalityReducerTransformer(method='umap', n_components=5)), ('scale', 'passthrough'), ('select', FeatureSelectionTransformer(k=10, method='forward'))])",0.5109341515682837,0.49409937888198757,0.5356761294261294,0.5135698866254669,0.017075652665343874,14
0.9873033364613851,0.13800372271392422,0.08140198389689128,0.015245657672624603,"XGBClassifier(base_score=None, booster=None, callbacks=None,
              colsample_bylevel=None, colsample_bynode=None,
              colsample_bytree=None, device=None, early_stopping_rounds=None,
              enable_categorical=False, eval_metric=None, feature_types=None,
              feature_weights=None, gamma=None, grow_policy=None,
              importance_type=None, interaction_constraints=None,
              learning_rate=None, max_bin=None, max_cat_threshold=None,
              max_cat_to_onehot=None, max_delta_step=None, max_depth=None,
              max_leaves=None, min_child_weight=None, missing=nan,
              monotone_constraints=None, multi_strategy=None, n_estimators=100,
              n_jobs=None, num_parallel_tree=None, ...)",OutlierCleanerTransformer(method='zscore'),passthrough,FeatureScalerTransformer(method='robust'),"FeatureSelectionTransformer(k=10, method='lasso')","OrderedDict([('clf', XGBClassifier(base_score=None, booster=None, callbacks=None,
              colsample_bylevel=None, colsample_bynode=None,
              colsample_bytree=None, device=None, early_stopping_rounds=None,
              enable_categorical=False, eval_metric=None, feature_types=None,
              feature_weights=None, gamma=None, grow_policy=None,
              importance_type=None, interaction_constraints=None,
              learning_rate=None, max_bin=None, max_cat_threshold=None,
              max_cat_to_onehot=None, max_delta_step=None, max_depth=None,
              max_leaves=None, min_child_weight=None, missing=nan,
              monotone_constraints=None, multi_strategy=None, n_estimators=100,
              n_jobs=None, num_parallel_tree=None, ...)), ('outlier', OutlierCleanerTransformer(method='zscore')), ('reduce_pre', 'passthrough'), ('scale', FeatureScalerTransformer(method='robust')), ('select', FeatureSelectionTransformer(k=10, method='lasso'))])",0.4429914280148062,0.5728778467908903,0.6048344017094017,0.540234558838366,0.06998797620468317,11
0.1619726022084554,0.030214147253412718,0.10752002398173015,0.0026971056515449057,"RandomForestClassifier(n_estimators=20, n_jobs=-1)",OutlierCleanerTransformer(method='zscore'),passthrough,FeatureScalerTransformer(),passthrough,"OrderedDict([('clf', RandomForestClassifier(n_estimators=20, n_jobs=-1)), ('outlier', OutlierCleanerTransformer(method='zscore')), ('reduce_pre', 'passthrough'), ('scale', FeatureScalerTransformer()), ('select', 'passthrough')])",0.4563608026495227,0.46480331262939956,0.567784645909646,0.49631625372952276,0.05065318222513436,20
3.914970874786377,0.64936624202939,0.06787562370300293,0.018981559708474097,"XGBClassifier(base_score=None, booster=None, callbacks=None,
              colsample_bylevel=None, colsample_bynode=None,
              colsample_bytree=None, device=None, early_stopping_rounds=None,
              enable_categorical=False, eval_metric=None, feature_types=None,
              feature_weights=None, gamma=None, grow_policy=None,
              importance_type=None, interaction_constraints=None,
              learning_rate=None, max_bin=None, max_cat_threshold=None,
              max_cat_to_onehot=None, max_delta_step=None, max_depth=None,
              max_leaves=None, min_child_weight=None, missing=nan,
              monotone_constraints=None, multi_strategy=None, n_estimators=100,
              n_jobs=None, num_parallel_tree=None, ...)",passthrough,DimensionalityReducerTransformer(n_components=5),FeatureScalerTransformer(method='robust'),"FeatureSelectionTransformer(k=10, method='forward')","OrderedDict([('clf', XGBClassifier(base_score=None, booster=None, callbacks=None,
              colsample_bylevel=None, colsample_bynode=None,
              colsample_bytree=None, device=None, early_stopping_rounds=None,
              enable_categorical=False, eval_metric=None, feature_types=None,
              feature_weights=None, gamma=None, grow_policy=None,
              importance_type=None, interaction_constraints=None,
              learning_rate=None, max_bin=None, max_cat_threshold=None,
              max_cat_to_onehot=None, max_delta_step=None, max_depth=None,
              max_leaves=None, min_child_weight=None, missing=nan,
              monotone_constraints=None, multi_strategy=None, n_estimators=100,
              n_jobs=None, num_parallel_tree=None, ...)), ('outlier', 'passthrough'), ('reduce_pre', DimensionalityReducerTransformer(n_components=5)), ('scale', FeatureScalerTransformer(method='robust')), ('select', FeatureSelectionTransformer(k=10, method='forward'))])",0.5604178842781999,0.50703933747412,0.5614316239316239,0.5429629485613147,0.02540520015245226,9
0.9417645931243896,0.1275404406655004,0.06174691518147787,0.006217129709204035,"XGBClassifier(base_score=None, booster=None, callbacks=None,
              colsample_bylevel=None, colsample_bynode=None,
              colsample_bytree=None, device=None, early_stopping_rounds=None,
              enable_categorical=False, eval_metric=None, feature_types=None,
              feature_weights=None, gamma=None, grow_policy=None,
              importance_type=None, interaction_constraints=None,
              learning_rate=None, max_bin=None, max_cat_threshold=None,
              max_cat_to_onehot=None, max_delta_step=None, max_depth=None,
              max_leaves=None, min_child_weight=None, missing=nan,
              monotone_constraints=None, multi_strategy=None, n_estimators=100,
              n_jobs=None, num_parallel_tree=None, ...)",OutlierCleanerTransformer(),DimensionalityReducerTransformer(n_components=5),FeatureScalerTransformer(method='robust'),"FeatureSelectionTransformer(k=10, method='lasso')","OrderedDict([('clf', XGBClassifier(base_score=None, booster=None, callbacks=None,
              colsample_bylevel=None, colsample_bynode=None,
              colsample_bytree=None, device=None, early_stopping_rounds=None,
              enable_categorical=False, eval_metric=None, feature_types=None,
              feature_weights=None, gamma=None, grow_policy=None,
              importance_type=None, interaction_constraints=None,
              learning_rate=None, max_bin=None, max_cat_threshold=None,
              max_cat_to_onehot=None, max_delta_step=None, max_depth=None,
              max_leaves=None, min_child_weight=None, missing=nan,
              monotone_constraints=None, multi_strategy=None, n_estimators=100,
              n_jobs=None, num_parallel_tree=None, ...)), ('outlier', OutlierCleanerTransformer()), ('reduce_pre', DimensionalityReducerTransformer(n_components=5)), ('scale', FeatureScalerTransformer(method='robust')), ('select', FeatureSelectionTransformer(k=10, method='lasso'))])",0.4805912721605299,0.5004140786749482,0.6913156288156288,0.557440326550369,0.09500941473344639,6
0.7216445604960123,0.18028709417919106,0.08251516024271648,0.015379223355007703,"XGBClassifier(base_score=None, booster=None, callbacks=None,
              colsample_bylevel=None, colsample_bynode=None,
              colsample_bytree=None, device=None, early_stopping_rounds=None,
              enable_categorical=False, eval_metric=None, feature_types=None,
              feature_weights=None, gamma=None, grow_policy=None,
              importance_type=None, interaction_constraints=None,
              learning_rate=None, max_bin=None, max_cat_threshold=None,
              max_cat_to_onehot=None, max_delta_step=None, max_depth=None,
              max_leaves=None, min_child_weight=None, missing=nan,
              monotone_constraints=None, multi_strategy=None, n_estimators=100,
              n_jobs=None, num_parallel_tree=None, ...)",OutlierCleanerTransformer(method='zscore'),passthrough,passthrough,"FeatureSelectionTransformer(k=10, method='lasso')","OrderedDict([('clf', XGBClassifier(base_score=None, booster=None, callbacks=None,
              colsample_bylevel=None, colsample_bynode=None,
              colsample_bytree=None, device=None, early_stopping_rounds=None,
              enable_categorical=False, eval_metric=None, feature_types=None,
              feature_weights=None, gamma=None, grow_policy=None,
              importance_type=None, interaction_constraints=None,
              learning_rate=None, max_bin=None, max_cat_threshold=None,
              max_cat_to_onehot=None, max_delta_step=None, max_depth=None,
              max_leaves=None, min_child_weight=None, missing=nan,
              monotone_constraints=None, multi_strategy=None, n_estimators=100,
              n_jobs=None, num_parallel_tree=None, ...)), ('outlier', OutlierCleanerTransformer(method='zscore')), ('reduce_pre', 'passthrough'), ('scale', 'passthrough'), ('select', FeatureSelectionTransformer(k=10, method='lasso'))])",0.4187609585037989,0.5674948240165631,0.6667239010989011,0.5509932278730877,0.1019007106012752,7
3.8681432406107583,0.5681081843314403,0.09347065289815266,0.019234273906068636,"RandomForestClassifier(n_estimators=20, n_jobs=-1)",OutlierCleanerTransformer(method='zscore'),DimensionalityReducerTransformer(n_components=5),FeatureScalerTransformer(method='robust'),"FeatureSelectionTransformer(k=10, method='forward')","OrderedDict([('clf', RandomForestClassifier(n_estimators=20, n_jobs=-1)), ('outlier', OutlierCleanerTransformer(method='zscore')), ('reduce_pre', DimensionalityReducerTransformer(n_components=5)), ('scale', FeatureScalerTransformer(method='robust')), ('select', FeatureSelectionTransformer(k=10, method='forward'))])",0.5561075394506136,0.4745341614906832,0.49662316849816845,0.5090882898131551,0.03444888421024612,15
1.9390554428100586,0.31847919402735997,0.1414953867594401,0.06385016082475371,"RandomForestClassifier(n_estimators=20, n_jobs=-1)",OutlierCleanerTransformer(method='zscore'),DimensionalityReducerTransformer(n_components=5),FeatureScalerTransformer(method='robust'),"FeatureSelectionTransformer(k=5, method='forward')","OrderedDict([('clf', RandomForestClassifier(n_estimators=20, n_jobs=-1)), ('outlier', OutlierCleanerTransformer(method='zscore')), ('reduce_pre', DimensionalityReducerTransformer(n_components=5)), ('scale', FeatureScalerTransformer(method='robust')), ('select', FeatureSelectionTransformer(k=5, method='forward'))])",0.4688291447496591,0.5796066252587991,0.5475427350427351,0.5319928350170645,0.04654218222999068,12
2.8155464331309,0.36459614322722744,0.4055016835530599,0.03241224635307206,"XGBClassifier(base_score=None, booster=None, callbacks=None,
              colsample_bylevel=None, colsample_bynode=None,
              colsample_bytree=None, device=None, early_stopping_rounds=None,
              enable_categorical=False, eval_metric=None, feature_types=None,
              feature_weights=None, gamma=None, grow_policy=None,
              importance_type=None, interaction_constraints=None,
              learning_rate=None, max_bin=None, max_cat_threshold=None,
              max_cat_to_onehot=None, max_delta_step=None, max_depth=None,
              max_leaves=None, min_child_weight=None, missing=nan,
              monotone_constraints=None, multi_strategy=None, n_estimators=100,
              n_jobs=None, num_parallel_tree=None, ...)",OutlierCleanerTransformer(method='zscore'),"DimensionalityReducerTransformer(method='umap', n_components=5)",FeatureScalerTransformer(),"FeatureSelectionTransformer(k=5, method='forward')","OrderedDict([('clf', XGBClassifier(base_score=None, booster=None, callbacks=None,
              colsample_bylevel=None, colsample_bynode=None,
              colsample_bytree=None, device=None, early_stopping_rounds=None,
              enable_categorical=False, eval_metric=None, feature_types=None,
              feature_weights=None, gamma=None, grow_policy=None,
              importance_type=None, interaction_constraints=None,
              learning_rate=None, max_bin=None, max_cat_threshold=None,
              max_cat_to_onehot=None, max_delta_step=None, max_depth=None,
              max_leaves=None, min_child_weight=None, missing=nan,
              monotone_constraints=None, multi_strategy=None, n_estimators=100,
              n_jobs=None, num_parallel_tree=None, ...)), ('outlier', OutlierCleanerTransformer(method='zscore')), ('reduce_pre', DimensionalityReducerTransformer(method='umap', n_components=5)), ('scale', FeatureScalerTransformer()), ('select', FeatureSelectionTransformer(k=5, method='forward'))])",0.422316384180791,0.5481366459627329,0.5371451465201466,0.5025327255545569,0.056898736556233516,18
4.714392741521199,0.533904630610861,0.41867820421854657,0.025465639769128044,LogisticRegression(max_iter=200),OutlierCleanerTransformer(method='zscore'),"DimensionalityReducerTransformer(method='umap', n_components=5)",passthrough,"FeatureSelectionTransformer(k=10, method='forward')","OrderedDict([('clf', LogisticRegression(max_iter=200)), ('outlier', OutlierCleanerTransformer(method='zscore')), ('reduce_pre', DimensionalityReducerTransformer(method='umap', n_components=5)), ('scale', 'passthrough'), ('select', FeatureSelectionTransformer(k=10, method='forward'))])",0.7184395090590299,0.5632505175983437,0.48937347374847373,0.5903545001352825,0.09545952557758444,4
0.12610522905985513,0.01230832976280525,0.08071446418762207,0.01909890990527219,LogisticRegression(max_iter=200),OutlierCleanerTransformer(),DimensionalityReducerTransformer(n_components=5),FeatureScalerTransformer(),passthrough,"OrderedDict([('clf', LogisticRegression(max_iter=200)), ('outlier', OutlierCleanerTransformer()), ('reduce_pre', DimensionalityReducerTransformer(n_components=5)), ('scale', FeatureScalerTransformer()), ('select', 'passthrough')])",0.5097408922657316,0.5100414078674949,0.6082303113553114,0.5426708704961792,0.046357687544629565,10
0.11616222063700359,0.011405127110437167,0.08009767532348633,0.013449595788827253,LogisticRegression(max_iter=200),passthrough,passthrough,FeatureScalerTransformer(),passthrough,"OrderedDict([('clf', LogisticRegression(max_iter=200)), ('outlier', 'passthrough'), ('reduce_pre', 'passthrough'), ('scale', FeatureScalerTransformer()), ('select', 'passthrough')])",0.5517971946230275,0.5980331262939959,0.6088789682539683,0.5862364297236639,0.02475148154074626,5
0.1246938705444336,0.013382610189579387,0.08150506019592285,0.022096215224624637,LogisticRegression(max_iter=200),passthrough,DimensionalityReducerTransformer(n_components=5),passthrough,passthrough,"OrderedDict([('clf', LogisticRegression(max_iter=200)), ('outlier', 'passthrough'), ('reduce_pre', DimensionalityReducerTransformer(n_components=5)), ('scale', 'passthrough'), ('select', 'passthrough')])",0.5165838690824079,0.5100414078674949,0.48965964590964595,0.5054283076198495,0.011465570745651004,17
2.7119758129119873,0.44719641125904175,0.3592183589935303,0.08704979434894068,LogisticRegression(max_iter=200),OutlierCleanerTransformer(method='zscore'),"DimensionalityReducerTransformer(method='umap', n_components=5)",passthrough,"FeatureSelectionTransformer(k=5, method='forward')","OrderedDict([('clf', LogisticRegression(max_iter=200)), ('outlier', OutlierCleanerTransformer(method='zscore')), ('reduce_pre', DimensionalityReducerTransformer(method='umap', n_components=5)), ('scale', 'passthrough'), ('select', FeatureSelectionTransformer(k=5, method='forward'))])",0.4698519384375609,0.5318840579710145,0.5017933455433455,0.5011764473173069,0.025328263343797508,19
3.8801360925038657,0.5368426199159274,0.07958372433980306,0.025227779200937196,LogisticRegression(max_iter=200),OutlierCleanerTransformer(),DimensionalityReducerTransformer(n_components=5),FeatureScalerTransformer(method='robust'),"FeatureSelectionTransformer(k=10, method='forward')","OrderedDict([('clf', LogisticRegression(max_iter=200)), ('outlier', OutlierCleanerTransformer()), ('reduce_pre', DimensionalityReducerTransformer(n_components=5)), ('scale', FeatureScalerTransformer(method='robust')), ('select', FeatureSelectionTransformer(k=10, method='forward'))])",0.5137346580946816,0.5296066252587992,0.5466460622710623,0.5299957818748476,0.013438842047565786,13
4.709688504536946,0.8883232744519557,0.39074865976969403,0.10836202329872655,LogisticRegression(max_iter=200),passthrough,"DimensionalityReducerTransformer(method='umap', n_components=5)",passthrough,"FeatureSelectionTransformer(k=10, method='forward')","OrderedDict([('clf', LogisticRegression(max_iter=200)), ('outlier', 'passthrough'), ('reduce_pre', DimensionalityReducerTransformer(method='umap', n_components=5)), ('scale', 'passthrough'), ('select', FeatureSelectionTransformer(k=10, method='forward'))])",0.7199249951295539,0.5523809523809524,0.5324710012210012,0.6015923162438358,0.0840677056821891,1
3.8073269526163735,0.5169045174234267,0.07146978378295898,0.02496066525365902,LogisticRegression(max_iter=200),OutlierCleanerTransformer(),passthrough,FeatureScalerTransformer(),"FeatureSelectionTransformer(k=10, method='forward')","OrderedDict([('clf', LogisticRegression(max_iter=200)), ('outlier', OutlierCleanerTransformer()), ('reduce_pre', 'passthrough'), ('scale', FeatureScalerTransformer()), ('select', FeatureSelectionTransformer(k=10, method='forward'))])",0.5621955971166959,0.5578674948240165,0.663270757020757,0.5944446163204898,0.0486994958915299,2
3.941289265950521,0.7273441504275507,0.07350770632425944,0.011666361781000159,"XGBClassifier(base_score=None, booster=None, callbacks=None,
              colsample_bylevel=None, colsample_bynode=None,
              colsample_bytree=None, device=None, early_stopping_rounds=None,
              enable_categorical=False, eval_metric=None, feature_types=None,
              feature_weights=None, gamma=None, grow_policy=None,
              importance_type=None, interaction_constraints=None,
              learning_rate=None, max_bin=None, max_cat_threshold=None,
              max_cat_to_onehot=None, max_delta_step=None, max_depth=None,
              max_leaves=None, min_child_weight=None, missing=nan,
              monotone_constraints=None, multi_strategy=None, n_estimators=100,
              n_jobs=None, num_parallel_tree=None, ...)",passthrough,passthrough,FeatureScalerTransformer(method='robust'),"FeatureSelectionTransformer(k=10, method='forward')","OrderedDict([('clf', XGBClassifier(base_score=None, booster=None, callbacks=None,
              colsample_bylevel=None, colsample_bynode=None,
              colsample_bytree=None, device=None, early_stopping_rounds=None,
              enable_categorical=False, eval_metric=None, feature_types=None,
              feature_weights=None, gamma=None, grow_policy=None,
              importance_type=None, interaction_constraints=None,
              learning_rate=None, max_bin=None, max_cat_threshold=None,
              max_cat_to_onehot=None, max_delta_step=None, max_depth=None,
              max_leaves=None, min_child_weight=None, missing=nan,
              monotone_constraints=None, multi_strategy=None, n_estimators=100,
              n_jobs=None, num_parallel_tree=None, ...)), ('outlier', 'passthrough'), ('reduce_pre', 'passthrough'), ('scale', FeatureScalerTransformer(method='robust')), ('select', FeatureSelectionTransformer(k=10, method='forward'))])",0.5470485096434834,0.5590062111801242,0.6713598901098901,0.5924715369778325,0.05599568942591922,3
1.1197203000386555,0.10467744105342026,0.4290005366007487,0.07273816266110641,"XGBClassifier(base_score=None, booster=None, callbacks=None,
              colsample_bylevel=None, colsample_bynode=None,
              colsample_bytree=None, device=None, early_stopping_rounds=None,
              enable_categorical=False, eval_metric=None, feature_types=None,
              feature_weights=None, gamma=None, grow_policy=None,
              importance_type=None, interaction_constraints=None,
              learning_rate=None, max_bin=None, max_cat_threshold=None,
              max_cat_to_onehot=None, max_delta_step=None, max_depth=None,
              max_leaves=None, min_child_weight=None, missing=nan,
              monotone_constraints=None, multi_strategy=None, n_estimators=100,
              n_jobs=None, num_parallel_tree=None, ...)",OutlierCleanerTransformer(),"DimensionalityReducerTransformer(method='umap', n_components=5)",FeatureScalerTransformer(method='robust'),passthrough,"OrderedDict([('clf', XGBClassifier(base_score=None, booster=None, callbacks=None,
              colsample_bylevel=None, colsample_bynode=None,
              colsample_bytree=None, device=None, early_stopping_rounds=None,
              enable_categorical=False, eval_metric=None, feature_types=None,
              feature_weights=None, gamma=None, grow_policy=None,
              importance_type=None, interaction_constraints=None,
              learning_rate=None, max_bin=None, max_cat_threshold=None,
              max_cat_to_onehot=None, max_delta_step=None, max_depth=None,
              max_leaves=None, min_child_weight=None, missing=nan,
              monotone_constraints=None, multi_strategy=None, n_estimators=100,
              n_jobs=None, num_parallel_tree=None, ...)), ('outlier', OutlierCleanerTransformer()), ('reduce_pre', DimensionalityReducerTransformer(method='umap', n_components=5)), ('scale', FeatureScalerTransformer(method='robust')), ('select', 'passthrough')])",0.5293687901811805,0.4582815734989648,0.6464819902319903,0.5447107846373785,0.07759459521573918,8
4.642022132873535,0.6386004004545571,0.4169653256734212,0.03353636334803549,"XGBClassifier(base_score=None, booster=None, callbacks=None,
              colsample_bylevel=None, colsample_bynode=None,
              colsample_bytree=None, device=None, early_stopping_rounds=None,
              enable_categorical=False, eval_metric=None, feature_types=None,
              feature_weights=None, gamma=None, grow_policy=None,
              importance_type=None, interaction_constraints=None,
              learning_rate=None, max_bin=None, max_cat_threshold=None,
              max_cat_to_onehot=None, max_delta_step=None, max_depth=None,
              max_leaves=None, min_child_weight=None, missing=nan,
              monotone_constraints=None, multi_strategy=None, n_estimators=100,
              n_jobs=None, num_parallel_tree=None, ...)",OutlierCleanerTransformer(method='zscore'),"DimensionalityReducerTransformer(method='umap', n_components=5)",FeatureScalerTransformer(),"FeatureSelectionTransformer(k=10, method='forward')","OrderedDict([('clf', XGBClassifier(base_score=None, booster=None, callbacks=None,
              colsample_bylevel=None, colsample_bynode=None,
              colsample_bytree=None, device=None, early_stopping_rounds=None,
              enable_categorical=False, eval_metric=None, feature_types=None,
              feature_weights=None, gamma=None, grow_policy=None,
              importance_type=None, interaction_constraints=None,
              learning_rate=None, max_bin=None, max_cat_threshold=None,
              max_cat_to_onehot=None, max_delta_step=None, max_depth=None,
              max_leaves=None, min_child_weight=None, missing=nan,
              monotone_constraints=None, multi_strategy=None, n_estimators=100,
              n_jobs=None, num_parallel_tree=None, ...)), ('outlier', OutlierCleanerTransformer(method='zscore')), ('reduce_pre', DimensionalityReducerTransformer(method='umap', n_components=5)), ('scale', FeatureScalerTransformer()), ('select', FeatureSelectionTransformer(k=10, method='forward'))])",0.5069160335086694,0.5318840579710145,0.47844169719169716,0.5057472628904603,0.021833399490767496,16
