species,mean_test_accuracy,mean_test_balanced_accuracy,mean_test_neg_log_loss,clf,outlier,reduce_post__method,reduce_pre__method,scale,select__k,select__method,female_train_acc,male_train_acc,balanced_train_acc,accuracy_train,female_test_acc,male_test_acc,balanced_test_acc,accuracy_test,f1_test,precision_test,recall_test,roc_auc_test,female_full_acc,male_full_acc,balanced_full_acc,accuracy_full,f1_full,precision_full,recall_full,roc_auc_full,maj_train_count,maj_train_wrong,maj_train_pct,maj_test_count,maj_test_wrong,maj_test_pct,maj_full_count,maj_full_wrong,maj_full_pct,pipeline_id,best_metric,mean_test_accuracy_rank,mean_test_balanced_accuracy_rank,mean_test_neg_log_loss_rank,maj_test_pct_rank,balanced_test_acc_rank,accuracy_test_rank,mean_rank,is_best_overall
bengal_tiger,0.7684054439841627,0.819427334682544,-0.6457244290545343,"LogisticRegression(max_iter=200, penalty='l1', solver='saga')",OutlierCleanerTransformer(),None,None,FeatureScalerTransformer(),5,forward,0.8715521442495127,0.9174083694083693,0.9005220672106695,0.9059633027522935,0.9814814814814815,0.9772727272727273,0.9739789196310935,0.9732142857142857,0.9770992366412213,0.9846153846153847,0.9696969696969697,0.9868247694334651,0.8935380116959064,0.9300113921166553,0.9157150776053216,0.9197080291970803,0.9331306990881459,0.9303030303030303,0.9359756097560976,0.9723946784922394,25,2,0.9259259259259259,7,0,1.0,32,2,0.9411764705882353,"outlier=OutlierCleanerTransformer();scale=FeatureScalerTransformer();reduce_pre__method=None;select__method=forward;select__k=5;reduce_post__method=None;clf=LogisticRegression(max_iter=200, penalty='l1', solver='saga')",accuracy,None,None,None,None,None,None,None,False
bengal_tiger,0.7684054439841627,0.819427334682544,-0.6457244290545343,"LogisticRegression(max_iter=200, penalty='l1', solver='saga')",OutlierCleanerTransformer(),None,None,FeatureScalerTransformer(),5,forward,0.8715521442495127,0.9174083694083693,0.9005220672106695,0.9059633027522935,0.9814814814814815,0.9772727272727273,0.9739789196310935,0.9732142857142857,0.9770992366412213,0.9846153846153847,0.9696969696969697,0.9868247694334651,0.8935380116959064,0.9300113921166553,0.9157150776053216,0.9197080291970803,0.9331306990881459,0.9303030303030303,0.9359756097560976,0.9723946784922394,25,2,0.9259259259259259,7,0,1.0,32,2,0.9411764705882353,"outlier=OutlierCleanerTransformer();scale=FeatureScalerTransformer();reduce_pre__method=None;select__method=forward;select__k=5;reduce_post__method=None;clf=LogisticRegression(max_iter=200, penalty='l1', solver='saga')",balanced_accuracy,None,None,None,None,None,None,None,False
bengal_tiger,0.7065830972949253,0.7291989030372577,-0.5221714330497216,"LogisticRegression(max_iter=200, penalty='l1', solver='saga')",OutlierCleanerTransformer(),None,pca,None,5,lasso,0.7524958228905598,0.8903751803751804,0.831600421163464,0.8463302752293578,0.8834422657952069,0.8623737373737375,0.8514492753623188,0.8482142857142857,0.8661417322834646,0.9016393442622951,0.8333333333333334,0.9420289855072463,0.7786851114714892,0.8844801397432976,0.8360310421286031,0.8467153284671532,0.874251497005988,0.8588235294117647,0.8902439024390244,0.9207455654101995,23,4,0.8518518518518519,7,0,1.0,30,4,0.8823529411764706,"outlier=OutlierCleanerTransformer();scale=None;reduce_pre__method=pca;select__method=lasso;select__k=5;reduce_post__method=None;clf=LogisticRegression(max_iter=200, penalty='l1', solver='saga')",neg_log_loss,None,None,None,None,None,None,None,False
bengal_tiger,0.7684054439841627,0.819427334682544,-0.6457244290545343,"LogisticRegression(max_iter=200, penalty='l1', solver='saga')",OutlierCleanerTransformer(),None,None,FeatureScalerTransformer(),5,forward,0.8715521442495127,0.9174083694083693,0.9005220672106695,0.9059633027522935,0.9814814814814815,0.9772727272727273,0.9739789196310935,0.9732142857142857,0.9770992366412213,0.9846153846153847,0.9696969696969697,0.9868247694334651,0.8935380116959064,0.9300113921166553,0.9157150776053216,0.9197080291970803,0.9331306990881459,0.9303030303030303,0.9359756097560976,0.9723946784922394,25,2,0.9259259259259259,7,0,1.0,32,2,0.9411764705882353,"outlier=OutlierCleanerTransformer();scale=FeatureScalerTransformer();reduce_pre__method=None;select__method=forward;select__k=5;reduce_post__method=None;clf=LogisticRegression(max_iter=200, penalty='l1', solver='saga')",f1,None,None,None,None,None,None,None,False
bengal_tiger,0.7684054439841627,0.819427334682544,-0.6457244290545343,"LogisticRegression(max_iter=200, penalty='l1', solver='saga')",OutlierCleanerTransformer(),None,None,FeatureScalerTransformer(),5,forward,0.8715521442495127,0.9174083694083693,0.9005220672106695,0.9059633027522935,0.9814814814814815,0.9772727272727273,0.9739789196310935,0.9732142857142857,0.9770992366412213,0.9846153846153847,0.9696969696969697,0.9868247694334651,0.8935380116959064,0.9300113921166553,0.9157150776053216,0.9197080291970803,0.9331306990881459,0.9303030303030303,0.9359756097560976,0.9723946784922394,25,2,0.9259259259259259,7,0,1.0,32,2,0.9411764705882353,"outlier=OutlierCleanerTransformer();scale=FeatureScalerTransformer();reduce_pre__method=None;select__method=forward;select__k=5;reduce_post__method=None;clf=LogisticRegression(max_iter=200, penalty='l1', solver='saga')",precision,None,None,None,None,None,None,None,False
bengal_tiger,0.7631694209609207,0.8113318096279203,-2.9795183541511037,KNeighborsClassifier(n_neighbors=7),None,None,pca,None,13,random_forest,0.7689518936229462,0.94188455988456,0.8535579538475038,0.8715596330275229,0.5479302832244008,1.0,0.7391304347826086,0.7857142857142857,0.8461538461538461,0.7333333333333333,1.0,0.9347826086956522,0.7247475715432371,0.9541193893825474,0.8294068736141906,0.8540145985401459,0.886685552407932,0.828042328042328,0.9542682926829268,0.944789356984479,25,2,0.9259259259259259,6,1,0.8571428571428571,31,3,0.9117647058823529,outlier=None;scale=None;reduce_pre__method=pca;select__method=random_forest;select__k=13;reduce_post__method=None;clf=KNeighborsClassifier(n_neighbors=7),recall,None,None,None,None,None,None,None,False
bengal_tiger,0.7700746050602281,0.8210987791003312,-0.7826185452354653,"LogisticRegression(max_iter=200, penalty='l1', solver='saga')",OutlierCleanerTransformer(),None,None,FeatureScalerTransformer(),8,lasso,0.8871814954051797,0.9263809523809523,0.9158331139773624,0.9197247706422018,0.9063180827886711,0.9886363636363636,0.9380764163372859,0.9464285714285714,0.9558823529411765,0.9285714285714286,0.9848484848484849,0.9904479578392622,0.891008812881878,0.9394873547505125,0.9202882483370288,0.9251824817518248,0.9379727685325264,0.9309309309309309,0.9451219512195121,0.9758176274944568,25,2,0.9259259259259259,7,0,1.0,32,2,0.9411764705882353,"outlier=OutlierCleanerTransformer();scale=FeatureScalerTransformer();reduce_pre__method=None;select__method=lasso;select__k=8;reduce_post__method=None;clf=LogisticRegression(max_iter=200, penalty='l1', solver='saga')",roc_auc,None,None,None,None,None,None,None,False
bengal_tiger,0.7542281615063665,0.8011232455493081,-1.1295746973330414,"XGBClassifier(base_score=None, booster=None, callbacks=None,
              colsample_bylevel=None, colsample_bynode=None,
              colsample_bytree=None, device=None, early_stopping_rounds=None,
              enable_categorical=False, eval_metric=None, feature_types=None,
              feature_weights=None, gamma=None, grow_policy=None,
              importance_type=None, interaction_constraints=None,
              learning_rate=None, max_bin=None, max_cat_threshold=None,
              max_cat_to_onehot=None, max_delta_step=None, max_depth=None,
              max_leaves=None, min_child_weight=None, missing=nan,
              monotone_constraints=None, multi_strategy=None, n_estimators=100,
              n_jobs=None, num_parallel_tree=None, ...)",OutlierCleanerTransformer(),None,pca,FeatureScalerTransformer(),4,lasso,1.0,1.0,1.0,1.0,0.8888888888888888,0.912878787878788,0.8893280632411067,0.8928571428571429,0.9090909090909091,0.9090909090909091,0.9090909090909091,0.9472990777338604,0.9777777777777777,0.9816586921850078,0.9772172949002218,0.9781021897810219,0.9817073170731707,0.9817073170731707,0.9817073170731707,0.9920177383592017,27,0,1.0,7,0,1.0,34,0,1.0,"outlier=OutlierCleanerTransformer();scale=FeatureScalerTransformer();reduce_pre__method=pca;select__method=lasso;select__k=4;reduce_post__method=None;clf=XGBClassifier(base_score=None, booster=None, callbacks=None,
              colsample_bylevel=None, colsample_bynode=None,
              colsample_bytree=None, device=None, early_stopping_rounds=None,
              enable_categorical=False, eval_metric=None, feature_types=None,
              feature_weights=None, gamma=None, grow_policy=None,
              importance_type=None, interaction_constraints=None,
              learning_rate=None, max_bin=None, max_cat_threshold=None,
              max_cat_to_onehot=None, max_delta_step=None, max_depth=None,
              max_leaves=None, min_child_weight=None, missing=nan,
              monotone_constraints=None, multi_strategy=None, n_estimators=100,
              n_jobs=None, num_parallel_tree=None, ...)",maj_test_pct,None,None,None,None,None,None,None,False
bengal_tiger,0.7998401814649553,0.851476374274523,-1.0612436763528488,LGBMClassifier(verbose=-1),OutlierCleanerTransformer(),None,None,FeatureScalerTransformer(),11,forward,1.0,1.0,1.0,1.0,0.9259259259259259,0.9545454545454546,0.9262187088274045,0.9285714285714286,0.9393939393939394,0.9393939393939394,0.9393939393939394,0.9687088274044796,0.9851851851851853,0.9904306220095693,0.9848115299334812,0.9854014598540146,0.9878048780487805,0.9878048780487805,0.9878048780487805,0.9966047671840355,27,0,1.0,7,0,1.0,34,0,1.0,outlier=OutlierCleanerTransformer();scale=FeatureScalerTransformer();reduce_pre__method=None;select__method=forward;select__k=11;reduce_post__method=None;clf=LGBMClassifier(verbose=-1),mean_rank,17.0,17.0,25.0,34.0,19.0,21.0,22.166666666666668,False
