species,mean_test_accuracy,mean_test_balanced_accuracy,mean_test_neg_log_loss,clf,outlier,reduce_post__method,reduce_pre__method,scale,select__k,select__method,female_train_acc,male_train_acc,balanced_train_acc,accuracy_train,female_test_acc,male_test_acc,balanced_test_acc,accuracy_test,female_full_acc,male_full_acc,balanced_full_acc,accuracy_full,maj_train_count,maj_train_wrong,maj_train_pct,maj_test_count,maj_test_wrong,maj_test_pct,maj_full_count,maj_full_wrong,maj_full_pct,pipeline_id
amur_tiger,0.880383158687297,0.8759238930060651,-0.3341172886639899,"RandomForestClassifier(n_estimators=20, n_jobs=-1)",None,None,None,None,12,lasso,1.0,0.9941176470588234,0.9976076555023923,0.9978858350951374,1.0,0.8855311355311355,0.9423076923076923,0.9545454545454546,1.0,0.9734345020059304,0.9865900383141762,0.9884297520661157,35,0,1.0,9,0,1.0,44,0,1.0,"outlier=None;scale=None;reduce_pre__method=None;select__method=lasso;select__k=12;reduce_post__method=None;clf=RandomForestClassifier(n_estimators=20, n_jobs=-1)"
amur_tiger,0.8863868244177407,0.8884151057994888,-0.4499895385809777,"XGBClassifier(base_score=None, booster=None, callbacks=None,
              colsample_bylevel=None, colsample_bynode=None,
              colsample_bytree=None, device=None, early_stopping_rounds=None,
              enable_categorical=False, eval_metric=None, feature_types=None,
              feature_weights=None, gamma=None, grow_policy=None,
              importance_type=None, interaction_constraints=None,
              learning_rate=None, max_bin=None, max_cat_threshold=None,
              max_cat_to_onehot=None, max_delta_step=None, max_depth=None,
              max_leaves=None, min_child_weight=None, missing=nan,
              monotone_constraints=None, multi_strategy=None, n_estimators=100,
              n_jobs=None, num_parallel_tree=None, ...)",None,None,None,FeatureScalerTransformer(method='robust'),10,random_forest,1.0,1.0,1.0,1.0,1.0,0.9212454212454213,0.9615384615384616,0.9696969696969697,1.0,0.9849991278562706,0.9923371647509578,0.9933884297520661,35,0,1.0,9,0,1.0,44,0,1.0,"outlier=None;scale=FeatureScalerTransformer(method='robust');reduce_pre__method=None;select__method=random_forest;select__k=10;reduce_post__method=None;clf=XGBClassifier(base_score=None, booster=None, callbacks=None,
              colsample_bylevel=None, colsample_bynode=None,
              colsample_bytree=None, device=None, early_stopping_rounds=None,
              enable_categorical=False, eval_metric=None, feature_types=None,
              feature_weights=None, gamma=None, grow_policy=None,
              importance_type=None, interaction_constraints=None,
              learning_rate=None, max_bin=None, max_cat_threshold=None,
              max_cat_to_onehot=None, max_delta_step=None, max_depth=None,
              max_leaves=None, min_child_weight=None, missing=nan,
              monotone_constraints=None, multi_strategy=None, n_estimators=100,
              n_jobs=None, num_parallel_tree=None, ...)"
amur_tiger,0.8849487037183318,0.8844801488149144,-0.6220091473936188,"RandomForestClassifier(max_depth=15, n_estimators=50, n_jobs=-1)",None,None,None,FeatureScalerTransformer(),5,lasso,1.0,1.0,1.0,1.0,1.0,0.8173076923076924,0.9134615384615384,0.9318181818181818,1.0,0.9652014652014652,0.9827586206896552,0.9851239669421488,35,0,1.0,8,1,0.8888888888888888,43,1,0.9772727272727273,"outlier=None;scale=FeatureScalerTransformer();reduce_pre__method=None;select__method=lasso;select__k=5;reduce_post__method=None;clf=RandomForestClassifier(max_depth=15, n_estimators=50, n_jobs=-1)"
