species,model,fs_method,fs_k,cv_accuracy,cv_balanced_accuracy,test_accuracy,test_balanced_accuracy,classification_report,selected_features,feature_ranking,impute_method,outlier_method,scaler_method,reduce_pre_method,reduce_post_method,time_transform,time_select,time_classifier,time_predict,time_total,balanced_accuracy,model_key,time_outlier,time_scale,time_reduce_pre,time_reduce_post
aj_someringii,et_med,univariate,1,,,0.5324675324675324,0.5178571428571428,"{'0': {'precision': 0.38235294117647056, 'recall': 0.4642857142857143, 'f1-score': 0.41935483870967744, 'support': 28.0}, '1': {'precision': 0.6511627906976745, 'recall': 0.5714285714285714, 'f1-score': 0.6086956521739131, 'support': 49.0}, 'accuracy': 0.5324675324675324, 'macro avg': {'precision': 0.5167578659370725, 'recall': 0.5178571428571428, 'f1-score': 0.5140252454417953, 'support': 77.0}, 'weighted avg': {'precision': 0.5534137545081458, 'recall': 0.5324675324675324, 'f1-score': 0.5398444472778274, 'support': 77.0}}",['f78'],"[('f78', np.float64(14.347061833735086))]",,,,,,0.06809919996885583,0.0011282999766990542,0.1785212000249885,0.09705340000800788,0.355078799999319,0.5178571428571428,et_med,,,,
amur_tiger,et_med,univariate,1,,,0.8833333333333333,0.9125,"{'0': {'precision': 0.7407407407407407, 'recall': 1.0, 'f1-score': 0.851063829787234, 'support': 40.0}, '1': {'precision': 1.0, 'recall': 0.825, 'f1-score': 0.9041095890410958, 'support': 80.0}, 'accuracy': 0.8833333333333333, 'macro avg': {'precision': 0.8703703703703703, 'recall': 0.9125, 'f1-score': 0.877586709414165, 'support': 120.0}, 'weighted avg': {'precision': 0.9135802469135802, 'recall': 0.8833333333333333, 'f1-score': 0.8864276692898085, 'support': 120.0}}",['f118'],"[('f118', np.float64(777.4200677525633))]",,,,,,0.10353020002366975,0.001011099957395345,0.18128259998047724,0.1074316999875009,0.40255890000844374,0.9125,et_med,,,,
bengal_tiger,et_med,univariate,1,,,0.6122448979591837,0.5952380952380952,"{'0': {'precision': 0.2, 'recall': 0.5714285714285714, 'f1-score': 0.2962962962962963, 'support': 21.0}, '1': {'precision': 0.896551724137931, 'recall': 0.6190476190476191, 'f1-score': 0.7323943661971831, 'support': 126.0}, 'accuracy': 0.6122448979591837, 'macro avg': {'precision': 0.5482758620689655, 'recall': 0.5952380952380952, 'f1-score': 0.5143453312467396, 'support': 147.0}, 'weighted avg': {'precision': 0.7970443349753695, 'recall': 0.6122448979591837, 'f1-score': 0.6700946419256278, 'support': 147.0}}",['f118'],"[('f118', np.float64(430.7274909321498))]",,,,,,0.11605599999893457,0.0013334999675862491,0.20065700000850484,0.10009459999855608,0.4243721999810077,0.5952380952380952,et_med,,,,
cheetah,et_med,univariate,1,,,0.5039370078740157,0.5922077922077922,"{'0': {'precision': 0.2191780821917808, 'recall': 0.7272727272727273, 'f1-score': 0.3368421052631579, 'support': 22.0}, '1': {'precision': 0.8888888888888888, 'recall': 0.45714285714285713, 'f1-score': 0.6037735849056604, 'support': 105.0}, 'accuracy': 0.5039370078740157, 'macro avg': {'precision': 0.5540334855403348, 'recall': 0.5922077922077922, 'f1-score': 0.47030784508440915, 'support': 127.0}, 'weighted avg': {'precision': 0.772875993240571, 'recall': 0.5039370078740157, 'f1-score': 0.5575334860699513, 'support': 127.0}}",['f12'],"[('f12', np.float64(49.918657812189394))]",,,,,,0.1286596999852918,0.001291199994739145,0.24642919999314472,0.11156799999298528,0.4954485999769531,0.5922077922077922,et_med,,,,
eurasian_otter,et_med,univariate,1,,,0.7619047619047619,0.7574370709382151,"{'0': {'precision': 0.7708333333333334, 'recall': 0.8043478260869565, 'f1-score': 0.7872340425531915, 'support': 92.0}, '1': {'precision': 0.75, 'recall': 0.7105263157894737, 'f1-score': 0.7297297297297297, 'support': 76.0}, 'accuracy': 0.7619047619047619, 'macro avg': {'precision': 0.7604166666666667, 'recall': 0.7574370709382151, 'f1-score': 0.7584818861414606, 'support': 168.0}, 'weighted avg': {'precision': 0.7614087301587302, 'recall': 0.7619047619047619, 'f1-score': 0.7612201867521018, 'support': 168.0}}",['f111'],"[('f111', np.float64(285.44659128833314))]",,,,,,0.1629638000158593,0.0012738999794237316,0.1851407999638468,0.15760520001640543,0.5145345999626443,0.7574370709382151,et_med,,,,
eurasian_otter_sex_pred,et_med,univariate,1,,,0.6726190476190477,0.6736270022883295,"{'0': {'precision': 0.7176470588235294, 'recall': 0.6630434782608695, 'f1-score': 0.6892655367231638, 'support': 92.0}, '1': {'precision': 0.6265060240963856, 'recall': 0.6842105263157895, 'f1-score': 0.6540880503144654, 'support': 76.0}, 'accuracy': 0.6726190476190477, 'macro avg': {'precision': 0.6720765414599574, 'recall': 0.6736270022883295, 'f1-score': 0.6716767935188146, 'support': 168.0}, 'weighted avg': {'precision': 0.6764165907326787, 'recall': 0.6726190476190477, 'f1-score': 0.6733519119192288, 'support': 168.0}}",['f206'],"[('f206', np.float64(313.30453528478915))]",,,,,,0.15231919998768717,0.0012336999643594027,0.19165510003222153,0.17291839997051284,0.5254258000059053,0.6736270022883295,et_med,,,,
giant_panda,et_med,univariate,1,,,0.72,0.7331617331617332,"{'0': {'precision': 0.8431372549019608, 'recall': 0.6825396825396826, 'f1-score': 0.7543859649122807, 'support': 63.0}, '1': {'precision': 0.5918367346938775, 'recall': 0.7837837837837838, 'f1-score': 0.6744186046511628, 'support': 37.0}, 'accuracy': 0.72, 'macro avg': {'precision': 0.7174869947979192, 'recall': 0.7331617331617332, 'f1-score': 0.7144022847817217, 'support': 100.0}, 'weighted avg': {'precision': 0.75015606242497, 'recall': 0.72, 'f1-score': 0.7247980416156671, 'support': 100.0}}",['f120'],"[('f120', np.float64(145.76035440118315))]",,,,,,0.09493750002002344,0.0009710000013001263,0.2002650999929756,0.0829772999859415,0.3861260999692604,0.7331617331617332,et_med,,,,
jubatus,et_med,univariate,1,,,0.5892857142857143,0.564625850340136,"{'0': {'precision': 0.6075949367088608, 'recall': 0.7619047619047619, 'f1-score': 0.676056338028169, 'support': 63.0}, '1': {'precision': 0.5454545454545454, 'recall': 0.3673469387755102, 'f1-score': 0.43902439024390244, 'support': 49.0}, 'accuracy': 0.5892857142857143, 'macro avg': {'precision': 0.5765247410817032, 'recall': 0.564625850340136, 'f1-score': 0.5575403641360357, 'support': 112.0}, 'weighted avg': {'precision': 0.5804085155350978, 'recall': 0.5892857142857143, 'f1-score': 0.5723548608725524, 'support': 112.0}}",['f117'],"[('f117', np.float64(50.44088439058917))]",,,,,,0.12590619997354224,0.0016711000353097916,0.20170620002318174,0.10748619999503717,0.4449538000044413,0.564625850340136,et_med,,,,
lowlandtapir,et_med,univariate,1,,,0.4537037037037037,0.45535714285714285,"{'0': {'precision': 0.46938775510204084, 'recall': 0.4107142857142857, 'f1-score': 0.4380952380952381, 'support': 56.0}, '1': {'precision': 0.4406779661016949, 'recall': 0.5, 'f1-score': 0.46846846846846846, 'support': 52.0}, 'accuracy': 0.4537037037037037, 'macro avg': {'precision': 0.4550328606018679, 'recall': 0.45535714285714285, 'f1-score': 0.4532818532818533, 'support': 108.0}, 'weighted avg': {'precision': 0.45556452336113357, 'recall': 0.4537037037037037, 'f1-score': 0.4527193860527194, 'support': 108.0}}",['f103'],"[('f103', np.float64(75.39028985517513))]",,,,,,0.07749990001320839,0.0018816000083461404,0.16481179994298145,0.08447559998603538,0.33716620004270226,0.45535714285714285,et_med,,,,
mountain_lion,et_med,univariate,1,,,0.8529411764705882,0.8589285714285715,"{'0': {'precision': 0.9365079365079365, 'recall': 0.8428571428571429, 'f1-score': 0.8872180451127819, 'support': 70.0}, '1': {'precision': 0.717948717948718, 'recall': 0.875, 'f1-score': 0.7887323943661971, 'support': 32.0}, 'accuracy': 0.8529411764705882, 'macro avg': {'precision': 0.8272283272283272, 'recall': 0.8589285714285715, 'f1-score': 0.8379752197394895, 'support': 102.0}, 'weighted avg': {'precision': 0.8679403385285739, 'recall': 0.8529411764705882, 'f1-score': 0.8563205860550298, 'support': 102.0}}",['f132'],"[('f132', np.float64(689.9451787738211))]",,,,,,0.0962380999699235,0.0010794000118039548,0.22734709997894242,0.10496800002874807,0.43662160000531003,0.8589285714285715,et_med,,,,
white_rhino,et_med,univariate,1,,,0.5173333333333333,0.5338594382591093,"{'0': {'precision': 0.3694581280788177, 'recall': 0.5859375, 'f1-score': 0.45317220543806647, 'support': 128.0}, '1': {'precision': 0.6918604651162791, 'recall': 0.4817813765182186, 'f1-score': 0.568019093078759, 'support': 247.0}, 'accuracy': 0.5173333333333333, 'macro avg': {'precision': 0.5306592965975484, 'recall': 0.5338594382591093, 'f1-score': 0.5105956492584127, 'support': 375.0}, 'weighted avg': {'precision': 0.5818138007408257, 'recall': 0.5173333333333333, 'f1-score': 0.5288180220974026, 'support': 375.0}}",['f62'],"[('f62', np.float64(49.72432427017397))]",,,,,,0.14970489998813719,0.001401500019710511,0.22111570002743974,0.12192449998110533,0.5029038999928162,0.5338594382591093,et_med,,,,
aj_someringii,svm_linear,,0,,,0.6363636363636364,0.5994897959183674,"{'0': {'precision': 0.5, 'recall': 0.4642857142857143, 'f1-score': 0.48148148148148145, 'support': 28.0}, '1': {'precision': 0.7058823529411765, 'recall': 0.7346938775510204, 'f1-score': 0.72, 'support': 49.0}, 'accuracy': 0.6363636363636364, 'macro avg': {'precision': 0.6029411764705883, 'recall': 0.5994897959183674, 'f1-score': 0.6007407407407407, 'support': 77.0}, 'weighted avg': {'precision': 0.6310160427807487, 'recall': 0.6363636363636364, 'f1-score': 0.6332659932659933, 'support': 77.0}}",,,,clip,robust,pca,umap,0.06778330000815913,,0.018389099976047873,4.56502429995453,16.31716159998905,0.5994897959183674,svm_linear,0.0012461000005714595,0.009727700031362474,0.07350500003667548,11.575067700003274
amur_tiger,svm_linear,,0,,,0.9666666666666667,0.975,"{'0': {'precision': 0.9090909090909091, 'recall': 1.0, 'f1-score': 0.9523809523809523, 'support': 40.0}, '1': {'precision': 1.0, 'recall': 0.95, 'f1-score': 0.9743589743589743, 'support': 80.0}, 'accuracy': 0.9666666666666667, 'macro avg': {'precision': 0.9545454545454546, 'recall': 0.975, 'f1-score': 0.9633699633699633, 'support': 120.0}, 'weighted avg': {'precision': 0.9696969696969696, 'recall': 0.9666666666666667, 'f1-score': 0.9670329670329669, 'support': 120.0}}",,,,clip,robust,pca,umap,0.08757040003547445,,0.006297899992205203,0.11713249998865649,0.6241935000289232,0.975,svm_linear,0.0018195000011473894,0.010556199995335191,0.0036412000190466642,0.3912766999565065
bengal_tiger,svm_linear,,0,,,0.6054421768707483,0.5912698412698413,"{'0': {'precision': 0.19672131147540983, 'recall': 0.5714285714285714, 'f1-score': 0.2926829268292683, 'support': 21.0}, '1': {'precision': 0.8953488372093024, 'recall': 0.6111111111111112, 'f1-score': 0.7264150943396226, 'support': 126.0}, 'accuracy': 0.6054421768707483, 'macro avg': {'precision': 0.5460350743423561, 'recall': 0.5912698412698413, 'f1-score': 0.5095490105844455, 'support': 147.0}, 'weighted avg': {'precision': 0.7955449049616033, 'recall': 0.6054421768707483, 'f1-score': 0.6644533561238577, 'support': 147.0}}",,,,clip,robust,pca,umap,0.0711384000023827,,0.007272800023201853,0.12993709999136627,0.4607624000054784,0.5912698412698413,svm_linear,0.0013417999725788832,0.009546399989631027,0.003260499972384423,0.23275900003500283
cheetah,svm_linear,,0,,,0.5118110236220472,0.4712121212121212,"{'0': {'precision': 0.15517241379310345, 'recall': 0.4090909090909091, 'f1-score': 0.225, 'support': 22.0}, '1': {'precision': 0.8115942028985508, 'recall': 0.5333333333333333, 'f1-score': 0.6436781609195402, 'support': 105.0}, 'accuracy': 0.5118110236220472, 'macro avg': {'precision': 0.4833833083458271, 'recall': 0.4712121212121212, 'f1-score': 0.4343390804597701, 'support': 127.0}, 'weighted avg': {'precision': 0.6978833417936701, 'recall': 0.5118110236220472, 'f1-score': 0.5711512354059192, 'support': 127.0}}",,,,clip,robust,pca,umap,0.10348340001655743,,0.04458000004524365,0.1393050000187941,0.80080819997238,0.4712121212121212,svm_linear,0.0018405000446364284,0.013049399945884943,0.003932500025257468,0.48896799999056384
eurasian_otter,svm_linear,,0,,,0.8095238095238095,0.8135011441647597,"{'0': {'precision': 0.8658536585365854, 'recall': 0.7717391304347826, 'f1-score': 0.8160919540229885, 'support': 92.0}, '1': {'precision': 0.7558139534883721, 'recall': 0.8552631578947368, 'f1-score': 0.8024691358024691, 'support': 76.0}, 'accuracy': 0.8095238095238095, 'macro avg': {'precision': 0.8108338060124787, 'recall': 0.8135011441647597, 'f1-score': 0.8092805449127288, 'support': 168.0}, 'weighted avg': {'precision': 0.8160737919671555, 'recall': 0.8095238095238095, 'f1-score': 0.8099292505422773, 'support': 168.0}}",,,,clip,robust,pca,umap,0.1184281000168994,,0.009471400000620633,0.16616940003586933,0.5901584000093862,0.8135011441647597,svm_linear,0.0015706999693065882,0.01458630000706762,0.00918449996970594,0.26499080000212416
eurasian_otter_sex_pred,svm_linear,,0,,,0.8095238095238095,0.8135011441647597,"{'0': {'precision': 0.8658536585365854, 'recall': 0.7717391304347826, 'f1-score': 0.8160919540229885, 'support': 92.0}, '1': {'precision': 0.7558139534883721, 'recall': 0.8552631578947368, 'f1-score': 0.8024691358024691, 'support': 76.0}, 'accuracy': 0.8095238095238095, 'macro avg': {'precision': 0.8108338060124787, 'recall': 0.8135011441647597, 'f1-score': 0.8092805449127288, 'support': 168.0}, 'weighted avg': {'precision': 0.8160737919671555, 'recall': 0.8095238095238095, 'f1-score': 0.8099292505422773, 'support': 168.0}}",,,,clip,robust,pca,umap,0.12108170002466068,,0.009222599968779832,0.16593810002086684,0.5443199000437744,0.8135011441647597,svm_linear,0.001711999997496605,0.014742299972567707,0.007166900031734258,0.21885870001278818
giant_panda,svm_linear,,0,,,0.8,0.8356928356928357,"{'0': {'precision': 0.9777777777777777, 'recall': 0.6984126984126984, 'f1-score': 0.8148148148148148, 'support': 63.0}, '1': {'precision': 0.6545454545454545, 'recall': 0.972972972972973, 'f1-score': 0.782608695652174, 'support': 37.0}, 'accuracy': 0.8, 'macro avg': {'precision': 0.8161616161616161, 'recall': 0.8356928356928357, 'f1-score': 0.7987117552334944, 'support': 100.0}, 'weighted avg': {'precision': 0.8581818181818182, 'recall': 0.8, 'f1-score': 0.8028985507246377, 'support': 100.0}}",,,,clip,robust,pca,umap,0.072365699976217,,0.014832899963948876,0.09448660002090037,0.45973109995247796,0.8356928356928357,svm_linear,0.0013828999944962561,0.009257700003217906,0.00304609996965155,0.2589917000150308
jubatus,svm_linear,,0,,,0.5535714285714286,0.526077097505669,"{'0': {'precision': 0.5802469135802469, 'recall': 0.746031746031746, 'f1-score': 0.6527777777777778, 'support': 63.0}, '1': {'precision': 0.4838709677419355, 'recall': 0.30612244897959184, 'f1-score': 0.375, 'support': 49.0}, 'accuracy': 0.5535714285714286, 'macro avg': {'precision': 0.5320589406610912, 'recall': 0.526077097505669, 'f1-score': 0.5138888888888888, 'support': 112.0}, 'weighted avg': {'precision': 0.5380824372759857, 'recall': 0.5535714285714286, 'f1-score': 0.53125, 'support': 112.0}}",,,,clip,robust,pca,umap,0.08627520001027733,,0.018744300003163517,0.10982859996147454,0.5124694000114687,0.526077097505669,svm_linear,0.001305399986449629,0.009971400024369359,0.003802900027949363,0.2768736999714747
lowlandtapir,svm_linear,,0,,,0.5462962962962963,0.5535714285714286,"{'0': {'precision': 0.6060606060606061, 'recall': 0.35714285714285715, 'f1-score': 0.449438202247191, 'support': 56.0}, '1': {'precision': 0.52, 'recall': 0.75, 'f1-score': 0.6141732283464567, 'support': 52.0}, 'accuracy': 0.5462962962962963, 'macro avg': {'precision': 0.563030303030303, 'recall': 0.5535714285714286, 'f1-score': 0.5318057152968239, 'support': 108.0}, 'weighted avg': {'precision': 0.5646240179573513, 'recall': 0.5462962962962963, 'f1-score': 0.528755066665356, 'support': 108.0}}",,,,clip,robust,pca,umap,0.06100839999271557,,0.009371799998916686,0.09161930001573637,0.37710330000845715,0.5535714285714286,svm_linear,0.0009225999820046127,0.008479900017846376,0.002659299992956221,0.19733970001107082
mountain_lion,svm_linear,,0,,,0.8431372549019608,0.8348214285714286,"{'0': {'precision': 0.9090909090909091, 'recall': 0.8571428571428571, 'f1-score': 0.8823529411764706, 'support': 70.0}, '1': {'precision': 0.7222222222222222, 'recall': 0.8125, 'f1-score': 0.7647058823529411, 'support': 32.0}, 'accuracy': 0.8431372549019608, 'macro avg': {'precision': 0.8156565656565656, 'recall': 0.8348214285714286, 'f1-score': 0.8235294117647058, 'support': 102.0}, 'weighted avg': {'precision': 0.8504654387007328, 'recall': 0.8431372549019608, 'f1-score': 0.845444059976932, 'support': 102.0}}",,,,clip,robust,pca,umap,0.08367419999558479,,0.006233000021893531,0.10294579999754205,0.4897503000102006,0.8348214285714286,svm_linear,0.0015596000012010336,0.010216799972113222,0.004732500005047768,0.27483919996302575
white_rhino,svm_linear,,0,,,0.5146666666666667,0.5807660678137652,"{'0': {'precision': 0.39453125, 'recall': 0.7890625, 'f1-score': 0.5260416666666666, 'support': 128.0}, '1': {'precision': 0.773109243697479, 'recall': 0.3724696356275304, 'f1-score': 0.5027322404371585, 'support': 247.0}, 'accuracy': 0.5146666666666667, 'macro avg': {'precision': 0.5838202468487395, 'recall': 0.5807660678137652, 'f1-score': 0.5143869535519126, 'support': 375.0}, 'weighted avg': {'precision': 0.6438879551820729, 'recall': 0.5146666666666667, 'f1-score': 0.510688524590164, 'support': 375.0}}",,,,clip,robust,pca,umap,0.10145369998645037,,0.08762160001788288,0.40108839998720214,1.3483534999541007,0.5807660678137652,svm_linear,0.0019930999842472374,0.010542900010477751,0.004740599950309843,0.7349544000462629
aj_someringii,knn_3,forward,100,,,0.7402597402597403,0.7117346938775511,"{'0': {'precision': 0.6538461538461539, 'recall': 0.6071428571428571, 'f1-score': 0.6296296296296297, 'support': 28.0}, '1': {'precision': 0.7843137254901961, 'recall': 0.8163265306122449, 'f1-score': 0.8, 'support': 49.0}, 'accuracy': 0.7402597402597403, 'macro avg': {'precision': 0.719079939668175, 'recall': 0.7117346938775511, 'f1-score': 0.7148148148148148, 'support': 77.0}, 'weighted avg': {'precision': 0.7368709721650898, 'recall': 0.7402597402597403, 'f1-score': 0.7380471380471382, 'support': 77.0}}","['f0', 'f5', 'f2', 'f1', 'f6', 'f7', 'f8', 'f3', 'f9', 'f4']","[('f0', np.float64(6.130095905120909)), ('f5', np.float64(4.591902006087767)), ('f2', np.float64(3.442088638486496)), ('f1', np.float64(1.9529777883988095)), ('f6', np.float64(1.2827696957043329)), ('f7', np.float64(1.0840052567110843)), ('f8', np.float64(1.0584233761377781)), ('f3', np.float64(0.9310980487255976)), ('f9', np.float64(0.7701107438205982)), ('f4', np.float64(0.1548190500878603))]",,,robust,pca,pca,0.06801180000184104,0.02312199998414144,0.0009578999597579241,0.06193409999832511,0.2372408999945037,0.7117346938775511,knn_3,,0.010402300045825541,0.06474110000999644,0.0009524999768473208
amur_tiger,knn_3,forward,100,,,0.9416666666666667,0.9375,"{'0': {'precision': 0.9024390243902439, 'recall': 0.925, 'f1-score': 0.9135802469135802, 'support': 40.0}, '1': {'precision': 0.9620253164556962, 'recall': 0.95, 'f1-score': 0.9559748427672956, 'support': 80.0}, 'accuracy': 0.9416666666666667, 'macro avg': {'precision': 0.9322321704229701, 'recall': 0.9375, 'f1-score': 0.9347775448404378, 'support': 120.0}, 'weighted avg': {'precision': 0.9421632191005455, 'recall': 0.9416666666666667, 'f1-score': 0.9418433108160571, 'support': 120.0}}","['f0', 'f7', 'f4', 'f2', 'f5', 'f9', 'f6', 'f1', 'f3', 'f8']","[('f0', np.float64(776.2147138362368)), ('f7', np.float64(46.26086243837334)), ('f4', np.float64(23.889144235301888)), ('f2', np.float64(21.311018640315243)), ('f5', np.float64(12.068275204314569)), ('f9', np.float64(9.427476451392938)), ('f6', np.float64(8.549292027512617)), ('f1', np.float64(6.022188053809722)), ('f3', np.float64(2.2197219934927634)), ('f8', np.float64(0.07961500390900304))]",,,robust,pca,pca,0.11437969998223707,0.06811330001801252,0.000797899963799864,0.05647410004166886,0.261860299971886,0.9375,knn_3,,0.010304700001142919,0.0047079999931156635,0.0006894000107422471
bengal_tiger,knn_3,forward,100,,,0.6326530612244898,0.5674603174603174,"{'0': {'precision': 0.18867924528301888, 'recall': 0.47619047619047616, 'f1-score': 0.2702702702702703, 'support': 21.0}, '1': {'precision': 0.8829787234042553, 'recall': 0.6587301587301587, 'f1-score': 0.7545454545454545, 'support': 126.0}, 'accuracy': 0.6326530612244898, 'macro avg': {'precision': 0.5358289843436371, 'recall': 0.5674603174603174, 'f1-score': 0.5124078624078624, 'support': 147.0}, 'weighted avg': {'precision': 0.7837930836726501, 'recall': 0.6326530612244898, 'f1-score': 0.6853632853632853, 'support': 147.0}}","['f0', 'f4', 'f9', 'f7', 'f1', 'f6', 'f2', 'f5', 'f3', 'f8']","[('f0', np.float64(423.8749417614675)), ('f4', np.float64(24.73653193567092)), ('f9', np.float64(24.90139053933434)), ('f7', np.float64(7.408616390614929)), ('f1', np.float64(7.320177932528558)), ('f6', np.float64(4.8112420173696515)), ('f2', np.float64(1.8384148365199073)), ('f5', np.float64(1.279629760804427)), ('f3', np.float64(0.4609416030938343)), ('f8', np.float64(0.21202466085196628))]",,,robust,pca,pca,0.10361759999068454,0.06162699998822063,0.0010171000030823052,0.07167269999627024,0.2678046000073664,0.5674603174603174,knn_3,,0.01373150001745671,0.006156999967060983,0.000881300016772002
cheetah,knn_3,forward,100,,,0.6377952755905512,0.6192640692640693,"{'0': {'precision': 0.26, 'recall': 0.5909090909090909, 'f1-score': 0.3611111111111111, 'support': 22.0}, '1': {'precision': 0.8831168831168831, 'recall': 0.6476190476190476, 'f1-score': 0.7472527472527473, 'support': 105.0}, 'accuracy': 0.6377952755905512, 'macro avg': {'precision': 0.5715584415584416, 'recall': 0.6192640692640693, 'f1-score': 0.5541819291819292, 'support': 127.0}, 'weighted avg': {'precision': 0.7751753758052969, 'recall': 0.6377952755905512, 'f1-score': 0.6803620701258497, 'support': 127.0}}","['f8', 'f1', 'f6', 'f9', 'f3', 'f5', 'f4', 'f2', 'f7', 'f0']","[('f8', np.float64(27.895446483122036)), ('f1', np.float64(23.520059219895835)), ('f6', np.float64(9.58343361677533)), ('f9', np.float64(7.16907997470467)), ('f3', np.float64(5.911150037926583)), ('f5', np.float64(3.876191633755654)), ('f4', np.float64(2.4315710774862556)), ('f2', np.float64(1.7061148837636322)), ('f7', np.float64(0.22131173805948678)), ('f0', np.float64(0.07524358265317338))]",,,robust,pca,pca,0.1340675000101328,0.12364510004408658,0.0011461999965831637,0.05622530000982806,0.34745900001144037,0.6192640692640693,knn_3,,0.019402300007641315,0.006299400003626943,0.0008621999877505004
eurasian_otter,knn_3,forward,100,,,0.8333333333333334,0.8363844393592678,"{'0': {'precision': 0.8809523809523809, 'recall': 0.8043478260869565, 'f1-score': 0.8409090909090909, 'support': 92.0}, '1': {'precision': 0.7857142857142857, 'recall': 0.868421052631579, 'f1-score': 0.825, 'support': 76.0}, 'accuracy': 0.8333333333333334, 'macro avg': {'precision': 0.8333333333333333, 'recall': 0.8363844393592678, 'f1-score': 0.8329545454545455, 'support': 168.0}, 'weighted avg': {'precision': 0.8378684807256236, 'recall': 0.8333333333333334, 'f1-score': 0.8337121212121212, 'support': 168.0}}","['f0', 'f1', 'f2', 'f8', 'f7', 'f4', 'f6', 'f3', 'f9', 'f5']","[('f0', np.float64(206.73633842119645)), ('f1', np.float64(56.74422797484192)), ('f2', np.float64(10.257579854394612)), ('f8', np.float64(7.271105202410635)), ('f7', np.float64(2.9622752045438476)), ('f4', np.float64(1.8070781429343814)), ('f6', np.float64(1.2972002261375026)), ('f3', np.float64(0.4412646723273873)), ('f9', np.float64(0.2051511493788124)), ('f5', np.float64(0.0022799556786049567))]",,,robust,pca,pca,0.18770200002472848,0.05777700000908226,0.00088900001719594,0.11141780001344159,0.39446840004529804,0.8363844393592678,knn_3,,0.018726699985563755,0.011014699994120747,0.000805600022431463
eurasian_otter_sex_pred,knn_3,forward,100,,,0.8214285714285714,0.8243707093821511,"{'0': {'precision': 0.8690476190476191, 'recall': 0.7934782608695652, 'f1-score': 0.8295454545454546, 'support': 92.0}, '1': {'precision': 0.7738095238095238, 'recall': 0.8552631578947368, 'f1-score': 0.8125, 'support': 76.0}, 'accuracy': 0.8214285714285714, 'macro avg': {'precision': 0.8214285714285714, 'recall': 0.8243707093821511, 'f1-score': 0.8210227272727273, 'support': 168.0}, 'weighted avg': {'precision': 0.8259637188208616, 'recall': 0.8214285714285714, 'f1-score': 0.8218344155844155, 'support': 168.0}}","['f0', 'f1', 'f2', 'f8', 'f7', 'f4', 'f6', 'f3', 'f9', 'f5']","[('f0', np.float64(209.06550275840445)), ('f1', np.float64(58.305732426917686)), ('f2', np.float64(10.617254589044556)), ('f8', np.float64(7.21424396347692)), ('f7', np.float64(3.70667706347288)), ('f4', np.float64(1.8554782984920146)), ('f6', np.float64(1.0340670556270175)), ('f3', np.float64(0.42589131270803376)), ('f9', np.float64(0.17172530281792223)), ('f5', np.float64(0.00022805125806991069))]",,,robust,pca,pca,0.14341509999940172,0.04963079997105524,0.0006815000087954104,0.09988270001485944,0.3368594999774359,0.8243707093821511,knn_3,,0.02313809999031946,0.013855100027285516,0.0006512000109069049
giant_panda,knn_3,forward,100,,,0.78,0.803088803088803,"{'0': {'precision': 0.9183673469387755, 'recall': 0.7142857142857143, 'f1-score': 0.8035714285714286, 'support': 63.0}, '1': {'precision': 0.6470588235294118, 'recall': 0.8918918918918919, 'f1-score': 0.75, 'support': 37.0}, 'accuracy': 0.78, 'macro avg': {'precision': 0.7827130852340937, 'recall': 0.803088803088803, 'f1-score': 0.7767857142857143, 'support': 100.0}, 'weighted avg': {'precision': 0.817983193277311, 'recall': 0.78, 'f1-score': 0.78375, 'support': 100.0}}","['f0', 'f6', 'f4', 'f1', 'f8', 'f7', 'f3', 'f2', 'f9', 'f5']","[('f0', np.float64(132.12501892891567)), ('f6', np.float64(20.273573182464077)), ('f4', np.float64(20.857198520985488)), ('f1', np.float64(16.218250104296068)), ('f8', np.float64(11.178609648672962)), ('f7', np.float64(4.057448036870652)), ('f3', np.float64(0.2975311041289831)), ('f2', np.float64(0.1706890162638484)), ('f9', np.float64(0.05813299262929459)), ('f5', np.float64(0.006074015596430918))]",,,robust,pca,pca,0.07433689996832982,0.056340200011618435,0.0007256999961100519,0.0566176000284031,0.21067900001071393,0.803088803088803,knn_3,,0.00974760000826791,0.0040327999740839005,0.0007252000505104661
jubatus,knn_3,forward,100,,,0.5089285714285714,0.4931972789115646,"{'0': {'precision': 0.5571428571428572, 'recall': 0.6190476190476191, 'f1-score': 0.5864661654135338, 'support': 63.0}, '1': {'precision': 0.42857142857142855, 'recall': 0.3673469387755102, 'f1-score': 0.3956043956043956, 'support': 49.0}, 'accuracy': 0.5089285714285714, 'macro avg': {'precision': 0.4928571428571429, 'recall': 0.4931972789115646, 'f1-score': 0.4910352805089647, 'support': 112.0}, 'weighted avg': {'precision': 0.5008928571428571, 'recall': 0.5089285714285714, 'f1-score': 0.5029641411220359, 'support': 112.0}}","['f0', 'f2', 'f7', 'f4', 'f5', 'f6', 'f8', 'f1', 'f3', 'f9']","[('f0', np.float64(43.96387763624062)), ('f2', np.float64(25.059994959130755)), ('f7', np.float64(17.549315554982737)), ('f4', np.float64(7.284274904884047)), ('f5', np.float64(4.66951700743876)), ('f6', np.float64(2.549142606848258)), ('f8', np.float64(0.9464713408575534)), ('f1', np.float64(0.5631747151968055)), ('f3', np.float64(0.007467050556638113)), ('f9', np.float64(0.0006061601974555361))]",,,robust,pca,pca,0.09127720003016293,0.056527000037021935,0.0007200000109151006,0.06135959998937324,0.2371718999929726,0.4931972789115646,knn_3,,0.014076899969950318,0.006852800026535988,0.0006641000509262085
lowlandtapir,knn_3,forward,100,,,0.46296296296296297,0.4697802197802198,"{'0': {'precision': 0.47058823529411764, 'recall': 0.2857142857142857, 'f1-score': 0.35555555555555557, 'support': 56.0}, '1': {'precision': 0.4594594594594595, 'recall': 0.6538461538461539, 'f1-score': 0.5396825396825397, 'support': 52.0}, 'accuracy': 0.46296296296296297, 'macro avg': {'precision': 0.4650238473767886, 'recall': 0.4697802197802198, 'f1-score': 0.4476190476190476, 'support': 108.0}, 'weighted avg': {'precision': 0.4652299358181711, 'recall': 0.46296296296296297, 'f1-score': 0.4442092886537331, 'support': 108.0}}","['f0', 'f3', 'f2', 'f1', 'f5', 'f9', 'f8', 'f7', 'f6', 'f4']","[('f0', np.float64(38.71226063176447)), ('f3', np.float64(18.224701013541136)), ('f2', np.float64(15.860834071705476)), ('f1', np.float64(9.336775745159732)), ('f5', np.float64(1.2107910331570686)), ('f9', np.float64(0.5103386151949864)), ('f8', np.float64(0.4920907596906377)), ('f7', np.float64(0.32920941379243374)), ('f6', np.float64(0.30987502577284914)), ('f4', np.float64(0.22109395978750393))]",,,robust,pca,pca,0.0916970000253059,0.02668819995597005,0.0009241999941878021,0.052794600022025406,0.1974167000153102,0.4697802197802198,knn_3,,0.012866400007624179,0.004077700024936348,0.0008818000205792487
mountain_lion,knn_3,forward,100,,,0.8921568627450981,0.8875,"{'0': {'precision': 0.9402985074626866, 'recall': 0.9, 'f1-score': 0.9197080291970803, 'support': 70.0}, '1': {'precision': 0.8, 'recall': 0.875, 'f1-score': 0.835820895522388, 'support': 32.0}, 'accuracy': 0.8921568627450981, 'macro avg': {'precision': 0.8701492537313433, 'recall': 0.8875, 'f1-score': 0.8777644623597342, 'support': 102.0}, 'weighted avg': {'precision': 0.8962832894351771, 'recall': 0.8921568627450981, 'f1-score': 0.8933904970638435, 'support': 102.0}}","['f0', 'f1', 'f2', 'f8', 'f3', 'f5', 'f6', 'f4', 'f9', 'f7']","[('f0', np.float64(164.9595244315143)), ('f1', np.float64(252.8532510971481)), ('f2', np.float64(82.76806776450026)), ('f8', np.float64(21.084422060887682)), ('f3', np.float64(19.793919066757656)), ('f5', np.float64(15.570588536066026)), ('f6', np.float64(15.535524320079114)), ('f4', np.float64(1.9720943300594729)), ('f9', np.float64(1.6184829029997267)), ('f7', np.float64(0.06985325751248436))]",,,robust,pca,pca,0.10081110004102811,0.06770359998336062,0.0009584999643266201,0.056765600049402565,0.2502013999619521,0.8875,knn_3,,0.012449599977117032,0.004574399965349585,0.0009994999854825437
white_rhino,knn_3,forward,100,,,0.5653333333333334,0.5797064777327936,"{'0': {'precision': 0.41025641025641024, 'recall': 0.625, 'f1-score': 0.4953560371517028, 'support': 128.0}, '1': {'precision': 0.7333333333333333, 'recall': 0.5344129554655871, 'f1-score': 0.6182669789227166, 'support': 247.0}, 'accuracy': 0.5653333333333334, 'macro avg': {'precision': 0.5717948717948718, 'recall': 0.5797064777327936, 'f1-score': 0.5568115080372097, 'support': 375.0}, 'weighted avg': {'precision': 0.6230564102564102, 'recall': 0.5653333333333334, 'f1-score': 0.5763133774648772, 'support': 375.0}}","['f9', 'f8', 'f4', 'f2', 'f5', 'f3', 'f6', 'f7', 'f0', 'f1']","[('f9', np.float64(32.83799519468183)), ('f8', np.float64(22.993787383861775)), ('f4', np.float64(15.553863863614687)), ('f2', np.float64(9.831042841822917)), ('f5', np.float64(6.331706068734607)), ('f3', np.float64(2.5742568098515157)), ('f6', np.float64(2.092928820050651)), ('f7', np.float64(0.9304561573704418)), ('f0', np.float64(0.1419942209458568)), ('f1', np.float64(0.06316903592469587))]",,,robust,pca,pca,0.12274950003484264,0.2241099999519065,0.0012391999480314553,0.09010710002621636,0.46416400000452995,0.5797064777327936,knn_3,,0.011704199947416782,0.005431000026874244,0.0008043000125326216
aj_someringii,xgb_std,lasso,100,,,0.5194805194805194,0.461734693877551,"{'0': {'precision': 0.30434782608695654, 'recall': 0.25, 'f1-score': 0.27450980392156865, 'support': 28.0}, '1': {'precision': 0.6111111111111112, 'recall': 0.673469387755102, 'f1-score': 0.6407766990291263, 'support': 49.0}, 'accuracy': 0.5194805194805194, 'macro avg': {'precision': 0.45772946859903385, 'recall': 0.461734693877551, 'f1-score': 0.45764325147534746, 'support': 77.0}, 'weighted avg': {'precision': 0.4995608256477822, 'recall': 0.5194805194805194, 'f1-score': 0.5075887371718326, 'support': 77.0}}","['f0', 'f1', 'f2', 'f3', 'f4', 'f5', 'f6', 'f7', 'f8', 'f9', 'f10', 'f11', 'f12', 'f13', 'f14', 'f15', 'f16', 'f17', 'f18', 'f19', 'f20', 'f21', 'f22', 'f23', 'f24', 'f25', 'f26', 'f27', 'f28', 'f29', 'f30', 'f31', 'f32', 'f33', 'f34', 'f35', 'f36', 'f37', 'f38', 'f39', 'f40', 'f41', 'f42', 'f43', 'f44', 'f45', 'f46', 'f47', 'f48', 'f49', 'f50', 'f51', 'f52', 'f53', 'f54', 'f55', 'f56', 'f57', 'f58', 'f59', 'f60', 'f61', 'f62', 'f63', 'f64', 'f65', 'f66', 'f67', 'f68', 'f69', 'f70', 'f71', 'f72', 'f73', 'f74', 'f75', 'f76', 'f77', 'f78', 'f79', 'f80', 'f81', 'f82', 'f83', 'f84', 'f85', 'f86', 'f87', 'f88', 'f89', 'f90', 'f91', 'f92', 'f93', 'f94', 'f95', 'f96', 'f97', 'f98', 'f99']","[('f0', np.float64(0.0)), ('f1', np.float64(0.0)), ('f2', np.float64(0.0)), ('f3', np.float64(0.0)), ('f4', np.float64(0.0)), ('f5', np.float64(0.0)), ('f6', np.float64(0.0)), ('f7', np.float64(0.0)), ('f8', np.float64(0.0)), ('f9', np.float64(0.0)), ('f10', np.float64(0.0)), ('f11', np.float64(0.0)), ('f12', np.float64(0.0)), ('f13', np.float64(0.0)), ('f14', np.float64(0.0)), ('f15', np.float64(0.0)), ('f16', np.float64(0.0)), ('f17', np.float64(0.0)), ('f18', np.float64(0.0)), ('f19', np.float64(0.0)), ('f20', np.float64(0.0)), ('f21', np.float64(0.0)), ('f22', np.float64(0.0)), ('f23', np.float64(0.0)), ('f24', np.float64(0.0)), ('f25', np.float64(0.0)), ('f26', np.float64(0.0)), ('f27', np.float64(0.0)), ('f28', np.float64(0.0)), ('f29', np.float64(0.0)), ('f30', np.float64(0.0)), ('f31', np.float64(0.0)), ('f32', np.float64(0.0)), ('f33', np.float64(0.0)), ('f34', np.float64(0.0)), ('f35', np.float64(0.0)), ('f36', np.float64(0.0)), ('f37', np.float64(0.0)), ('f38', np.float64(0.0)), ('f39', np.float64(0.0)), ('f40', np.float64(0.0)), ('f41', np.float64(0.0)), ('f42', np.float64(0.0)), ('f43', np.float64(0.0)), ('f44', np.float64(0.0)), ('f45', np.float64(0.0)), ('f46', np.float64(0.0)), ('f47', np.float64(0.0)), ('f48', np.float64(0.0)), ('f49', np.float64(0.0)), ('f50', np.float64(0.0)), ('f51', np.float64(0.0)), ('f52', np.float64(0.0)), ('f53', np.float64(0.0)), ('f54', np.float64(0.0)), ('f55', np.float64(0.0)), ('f56', np.float64(0.0)), ('f57', np.float64(0.0)), ('f58', np.float64(0.0)), ('f59', np.float64(0.0)), ('f60', np.float64(0.0)), ('f61', np.float64(0.0)), ('f62', np.float64(0.0)), ('f63', np.float64(0.0)), ('f64', np.float64(0.0)), ('f65', np.float64(0.0)), ('f66', np.float64(0.0)), ('f67', np.float64(0.0)), ('f68', np.float64(0.0)), ('f69', np.float64(0.0)), ('f70', np.float64(0.0)), ('f71', np.float64(0.0)), ('f72', np.float64(0.0)), ('f73', np.float64(0.0)), ('f74', np.float64(0.0)), ('f75', np.float64(0.0)), ('f76', np.float64(0.0)), ('f77', np.float64(0.0)), ('f78', np.float64(0.0)), ('f79', np.float64(0.0)), ('f80', np.float64(0.0)), ('f81', np.float64(0.0)), ('f82', np.float64(0.0)), ('f83', np.float64(0.0)), ('f84', np.float64(0.0)), ('f85', np.float64(0.0)), ('f86', np.float64(0.0)), ('f87', np.float64(0.0)), ('f88', np.float64(0.0)), ('f89', np.float64(0.0)), ('f90', np.float64(0.0)), ('f91', np.float64(0.0)), ('f92', np.float64(0.0)), ('f93', np.float64(0.0)), ('f94', np.float64(0.0)), ('f95', np.float64(0.0)), ('f96', np.float64(0.0)), ('f97', np.float64(0.0)), ('f98', np.float64(0.0)), ('f99', np.float64(0.0))]",,clip,,,,0.06955080002080649,0.6812810000265017,0.21384380001109093,0.05281309998827055,1.025178300042171,0.461734693877551,xgb_std,0.001004299963824451,,,
amur_tiger,xgb_std,lasso,100,,,0.975,0.975,"{'0': {'precision': 0.9512195121951219, 'recall': 0.975, 'f1-score': 0.9629629629629629, 'support': 40.0}, '1': {'precision': 0.9873417721518988, 'recall': 0.975, 'f1-score': 0.9811320754716981, 'support': 80.0}, 'accuracy': 0.975, 'macro avg': {'precision': 0.9692806421735103, 'recall': 0.975, 'f1-score': 0.9720475192173306, 'support': 120.0}, 'weighted avg': {'precision': 0.9753010188329732, 'recall': 0.975, 'f1-score': 0.975075704635453, 'support': 120.0}}","['f118', 'f80', 'f91', 'f0', 'f1', 'f2', 'f3', 'f4', 'f5', 'f6', 'f7', 'f8', 'f9', 'f10', 'f11', 'f12', 'f13', 'f14', 'f15', 'f16', 'f17', 'f18', 'f19', 'f20', 'f21', 'f22', 'f23', 'f24', 'f25', 'f26', 'f27', 'f28', 'f29', 'f30', 'f31', 'f32', 'f33', 'f34', 'f35', 'f36', 'f37', 'f38', 'f39', 'f40', 'f41', 'f42', 'f43', 'f44', 'f45', 'f46', 'f47', 'f48', 'f49', 'f50', 'f51', 'f52', 'f53', 'f54', 'f55', 'f56', 'f57', 'f58', 'f59', 'f60', 'f61', 'f62', 'f63', 'f64', 'f65', 'f66', 'f67', 'f68', 'f69', 'f70', 'f71', 'f72', 'f73', 'f74', 'f75', 'f76', 'f77', 'f78', 'f79', 'f81', 'f82', 'f83', 'f84', 'f85', 'f86', 'f87', 'f88', 'f89', 'f90', 'f92', 'f93', 'f94', 'f95', 'f96', 'f97', 'f98']","[('f118', np.float64(0.026038992074782736)), ('f80', np.float64(0.0015037694617313232)), ('f91', np.float64(0.0010679869734412698)), ('f0', np.float64(0.0)), ('f1', np.float64(0.0)), ('f2', np.float64(0.0)), ('f3', np.float64(0.0)), ('f4', np.float64(0.0)), ('f5', np.float64(0.0)), ('f6', np.float64(0.0)), ('f7', np.float64(0.0)), ('f8', np.float64(0.0)), ('f9', np.float64(0.0)), ('f10', np.float64(0.0)), ('f11', np.float64(0.0)), ('f12', np.float64(0.0)), ('f13', np.float64(0.0)), ('f14', np.float64(0.0)), ('f15', np.float64(0.0)), ('f16', np.float64(0.0)), ('f17', np.float64(0.0)), ('f18', np.float64(0.0)), ('f19', np.float64(0.0)), ('f20', np.float64(0.0)), ('f21', np.float64(0.0)), ('f22', np.float64(0.0)), ('f23', np.float64(0.0)), ('f24', np.float64(0.0)), ('f25', np.float64(0.0)), ('f26', np.float64(0.0)), ('f27', np.float64(0.0)), ('f28', np.float64(0.0)), ('f29', np.float64(0.0)), ('f30', np.float64(0.0)), ('f31', np.float64(0.0)), ('f32', np.float64(0.0)), ('f33', np.float64(0.0)), ('f34', np.float64(0.0)), ('f35', np.float64(0.0)), ('f36', np.float64(0.0)), ('f37', np.float64(0.0)), ('f38', np.float64(0.0)), ('f39', np.float64(0.0)), ('f40', np.float64(0.0)), ('f41', np.float64(0.0)), ('f42', np.float64(0.0)), ('f43', np.float64(0.0)), ('f44', np.float64(0.0)), ('f45', np.float64(0.0)), ('f46', np.float64(0.0)), ('f47', np.float64(0.0)), ('f48', np.float64(0.0)), ('f49', np.float64(0.0)), ('f50', np.float64(0.0)), ('f51', np.float64(0.0)), ('f52', np.float64(0.0)), ('f53', np.float64(0.0)), ('f54', np.float64(0.0)), ('f55', np.float64(0.0)), ('f56', np.float64(0.0)), ('f57', np.float64(0.0)), ('f58', np.float64(0.0)), ('f59', np.float64(0.0)), ('f60', np.float64(0.0)), ('f61', np.float64(0.0)), ('f62', np.float64(0.0)), ('f63', np.float64(0.0)), ('f64', np.float64(0.0)), ('f65', np.float64(0.0)), ('f66', np.float64(0.0)), ('f67', np.float64(0.0)), ('f68', np.float64(0.0)), ('f69', np.float64(0.0)), ('f70', np.float64(0.0)), ('f71', np.float64(0.0)), ('f72', np.float64(0.0)), ('f73', np.float64(0.0)), ('f74', np.float64(0.0)), ('f75', np.float64(0.0)), ('f76', np.float64(0.0)), ('f77', np.float64(0.0)), ('f78', np.float64(0.0)), ('f79', np.float64(0.0)), ('f81', np.float64(0.0)), ('f82', np.float64(0.0)), ('f83', np.float64(0.0)), ('f84', np.float64(0.0)), ('f85', np.float64(0.0)), ('f86', np.float64(0.0)), ('f87', np.float64(0.0)), ('f88', np.float64(0.0)), ('f89', np.float64(0.0)), ('f90', np.float64(0.0)), ('f92', np.float64(0.0)), ('f93', np.float64(0.0)), ('f94', np.float64(0.0)), ('f95', np.float64(0.0)), ('f96', np.float64(0.0)), ('f97', np.float64(0.0)), ('f98', np.float64(0.0))]",,clip,,,,0.10360049997689202,0.1149973000283353,0.10671150003327057,0.0583976999623701,0.3921814000350423,0.975,xgb_std,0.0020112000056542456,,,
bengal_tiger,xgb_std,lasso,100,,,0.7414965986394558,0.7103174603174602,"{'0': {'precision': 0.3111111111111111, 'recall': 0.6666666666666666, 'f1-score': 0.42424242424242425, 'support': 21.0}, '1': {'precision': 0.9313725490196079, 'recall': 0.753968253968254, 'f1-score': 0.8333333333333334, 'support': 126.0}, 'accuracy': 0.7414965986394558, 'macro avg': {'precision': 0.6212418300653595, 'recall': 0.7103174603174602, 'f1-score': 0.6287878787878788, 'support': 147.0}, 'weighted avg': {'precision': 0.8427637721755369, 'recall': 0.7414965986394558, 'f1-score': 0.7748917748917749, 'support': 147.0}}","['f101', 'f104', 'f12', 'f121', 'f66', 'f53', 'f10', 'f122', 'f94', 'f89', 'f126', 'f93', 'f64', 'f118', 'f88', 'f86', 'f92', 'f87', 'f81', 'f85', 'f91', 'f29', 'f95', 'f82', 'f120', 'f80', 'f84', 'f0', 'f1', 'f2', 'f3', 'f4', 'f5', 'f6', 'f7', 'f8', 'f9', 'f11', 'f13', 'f14', 'f15', 'f16', 'f17', 'f18', 'f19', 'f20', 'f21', 'f22', 'f23', 'f24', 'f25', 'f26', 'f27', 'f28', 'f30', 'f31', 'f32', 'f33', 'f34', 'f35', 'f36', 'f37', 'f38', 'f39', 'f40', 'f41', 'f42', 'f43', 'f44', 'f45', 'f46', 'f47', 'f48', 'f49', 'f50', 'f51', 'f52', 'f54', 'f55', 'f56', 'f57', 'f58', 'f59', 'f60', 'f61', 'f62', 'f63', 'f65', 'f67', 'f68', 'f69', 'f70', 'f71', 'f72', 'f73', 'f74', 'f75', 'f76', 'f77', 'f78']","[('f101', np.float64(0.20274945486416118)), ('f104', np.float64(0.1940422575794497)), ('f12', np.float64(0.16199816818668566)), ('f121', np.float64(0.09515387122336752)), ('f66', np.float64(0.07481531907157284)), ('f53', np.float64(0.05300783985096374)), ('f10', np.float64(0.051541620754664105)), ('f122', np.float64(0.040514577063968736)), ('f94', np.float64(0.036841085083990324)), ('f89', np.float64(0.03334171925208207)), ('f126', np.float64(0.025879403716070736)), ('f93', np.float64(0.01516158836048493)), ('f64', np.float64(0.013269594951690885)), ('f118', np.float64(0.01262904210142935)), ('f88', np.float64(0.011770074548437868)), ('f86', np.float64(0.011371251672875386)), ('f92', np.float64(0.009369952674932394)), ('f87', np.float64(0.008940953267953468)), ('f81', np.float64(0.008410952775139393)), ('f85', np.float64(0.007813945687903877)), ('f91', np.float64(0.007483107098097562)), ('f29', np.float64(0.006286448559744321)), ('f95', np.float64(0.0059534440802213985)), ('f82', np.float64(0.004023053285788878)), ('f120', np.float64(0.003636430957941731)), ('f80', np.float64(0.002611528245989559)), ('f84', np.float64(0.0011303793039032057)), ('f0', np.float64(0.0)), ('f1', np.float64(0.0)), ('f2', np.float64(0.0)), ('f3', np.float64(0.0)), ('f4', np.float64(0.0)), ('f5', np.float64(0.0)), ('f6', np.float64(0.0)), ('f7', np.float64(0.0)), ('f8', np.float64(0.0)), ('f9', np.float64(0.0)), ('f11', np.float64(0.0)), ('f13', np.float64(0.0)), ('f14', np.float64(0.0)), ('f15', np.float64(0.0)), ('f16', np.float64(0.0)), ('f17', np.float64(0.0)), ('f18', np.float64(0.0)), ('f19', np.float64(0.0)), ('f20', np.float64(0.0)), ('f21', np.float64(0.0)), ('f22', np.float64(0.0)), ('f23', np.float64(0.0)), ('f24', np.float64(0.0)), ('f25', np.float64(0.0)), ('f26', np.float64(0.0)), ('f27', np.float64(0.0)), ('f28', np.float64(0.0)), ('f30', np.float64(0.0)), ('f31', np.float64(0.0)), ('f32', np.float64(0.0)), ('f33', np.float64(0.0)), ('f34', np.float64(0.0)), ('f35', np.float64(0.0)), ('f36', np.float64(0.0)), ('f37', np.float64(0.0)), ('f38', np.float64(0.0)), ('f39', np.float64(0.0)), ('f40', np.float64(0.0)), ('f41', np.float64(0.0)), ('f42', np.float64(0.0)), ('f43', np.float64(0.0)), ('f44', np.float64(0.0)), ('f45', np.float64(0.0)), ('f46', np.float64(0.0)), ('f47', np.float64(0.0)), ('f48', np.float64(0.0)), ('f49', np.float64(0.0)), ('f50', np.float64(0.0)), ('f51', np.float64(0.0)), ('f52', np.float64(0.0)), ('f54', np.float64(0.0)), ('f55', np.float64(0.0)), ('f56', np.float64(0.0)), ('f57', np.float64(0.0)), ('f58', np.float64(0.0)), ('f59', np.float64(0.0)), ('f60', np.float64(0.0)), ('f61', np.float64(0.0)), ('f62', np.float64(0.0)), ('f63', np.float64(0.0)), ('f65', np.float64(0.0)), ('f67', np.float64(0.0)), ('f68', np.float64(0.0)), ('f69', np.float64(0.0)), ('f70', np.float64(0.0)), ('f71', np.float64(0.0)), ('f72', np.float64(0.0)), ('f73', np.float64(0.0)), ('f74', np.float64(0.0)), ('f75', np.float64(0.0)), ('f76', np.float64(0.0)), ('f77', np.float64(0.0)), ('f78', np.float64(0.0))]",,clip,,,,0.10553910001181066,0.1602536999853328,0.11494429997401312,0.055616000026930124,0.44767999998293817,0.7103174603174602,xgb_std,0.0017376999603584409,,,
cheetah,xgb_std,lasso,100,,,0.4566929133858268,0.49177489177489175,"{'0': {'precision': 0.16901408450704225, 'recall': 0.5454545454545454, 'f1-score': 0.25806451612903225, 'support': 22.0}, '1': {'precision': 0.8214285714285714, 'recall': 0.4380952380952381, 'f1-score': 0.5714285714285714, 'support': 105.0}, 'accuracy': 0.4566929133858268, 'macro avg': {'precision': 0.4952213279678068, 'recall': 0.49177489177489175, 'f1-score': 0.4147465437788018, 'support': 127.0}, 'weighted avg': {'precision': 0.7084118886547632, 'recall': 0.4566929133858268, 'f1-score': 0.5171450342900685, 'support': 127.0}}","['f132', 'f0', 'f1', 'f2', 'f3', 'f4', 'f5', 'f6', 'f7', 'f8', 'f9', 'f10', 'f11', 'f12', 'f13', 'f14', 'f15', 'f16', 'f17', 'f18', 'f19', 'f20', 'f21', 'f22', 'f23', 'f24', 'f25', 'f26', 'f27', 'f28', 'f29', 'f30', 'f31', 'f32', 'f33', 'f34', 'f35', 'f36', 'f37', 'f38', 'f39', 'f40', 'f41', 'f42', 'f43', 'f44', 'f45', 'f46', 'f47', 'f48', 'f49', 'f50', 'f51', 'f52', 'f53', 'f54', 'f55', 'f56', 'f57', 'f58', 'f59', 'f60', 'f61', 'f62', 'f63', 'f64', 'f65', 'f66', 'f67', 'f68', 'f69', 'f70', 'f71', 'f72', 'f73', 'f74', 'f75', 'f76', 'f77', 'f78', 'f79', 'f80', 'f81', 'f82', 'f83', 'f84', 'f85', 'f86', 'f87', 'f88', 'f89', 'f90', 'f91', 'f92', 'f93', 'f94', 'f95', 'f96', 'f97', 'f98']","[('f132', np.float64(5.373559555580572e-18)), ('f0', np.float64(0.0)), ('f1', np.float64(0.0)), ('f2', np.float64(0.0)), ('f3', np.float64(0.0)), ('f4', np.float64(0.0)), ('f5', np.float64(0.0)), ('f6', np.float64(0.0)), ('f7', np.float64(0.0)), ('f8', np.float64(0.0)), ('f9', np.float64(0.0)), ('f10', np.float64(0.0)), ('f11', np.float64(0.0)), ('f12', np.float64(0.0)), ('f13', np.float64(0.0)), ('f14', np.float64(0.0)), ('f15', np.float64(0.0)), ('f16', np.float64(0.0)), ('f17', np.float64(0.0)), ('f18', np.float64(0.0)), ('f19', np.float64(0.0)), ('f20', np.float64(0.0)), ('f21', np.float64(0.0)), ('f22', np.float64(0.0)), ('f23', np.float64(0.0)), ('f24', np.float64(0.0)), ('f25', np.float64(0.0)), ('f26', np.float64(0.0)), ('f27', np.float64(0.0)), ('f28', np.float64(0.0)), ('f29', np.float64(0.0)), ('f30', np.float64(0.0)), ('f31', np.float64(0.0)), ('f32', np.float64(0.0)), ('f33', np.float64(0.0)), ('f34', np.float64(0.0)), ('f35', np.float64(0.0)), ('f36', np.float64(0.0)), ('f37', np.float64(0.0)), ('f38', np.float64(0.0)), ('f39', np.float64(0.0)), ('f40', np.float64(0.0)), ('f41', np.float64(0.0)), ('f42', np.float64(0.0)), ('f43', np.float64(0.0)), ('f44', np.float64(0.0)), ('f45', np.float64(0.0)), ('f46', np.float64(0.0)), ('f47', np.float64(0.0)), ('f48', np.float64(0.0)), ('f49', np.float64(0.0)), ('f50', np.float64(0.0)), ('f51', np.float64(0.0)), ('f52', np.float64(0.0)), ('f53', np.float64(0.0)), ('f54', np.float64(0.0)), ('f55', np.float64(0.0)), ('f56', np.float64(0.0)), ('f57', np.float64(0.0)), ('f58', np.float64(0.0)), ('f59', np.float64(0.0)), ('f60', np.float64(0.0)), ('f61', np.float64(0.0)), ('f62', np.float64(0.0)), ('f63', np.float64(0.0)), ('f64', np.float64(0.0)), ('f65', np.float64(0.0)), ('f66', np.float64(0.0)), ('f67', np.float64(0.0)), ('f68', np.float64(0.0)), ('f69', np.float64(0.0)), ('f70', np.float64(0.0)), ('f71', np.float64(0.0)), ('f72', np.float64(0.0)), ('f73', np.float64(0.0)), ('f74', np.float64(0.0)), ('f75', np.float64(0.0)), ('f76', np.float64(0.0)), ('f77', np.float64(0.0)), ('f78', np.float64(0.0)), ('f79', np.float64(0.0)), ('f80', np.float64(0.0)), ('f81', np.float64(0.0)), ('f82', np.float64(0.0)), ('f83', np.float64(0.0)), ('f84', np.float64(0.0)), ('f85', np.float64(0.0)), ('f86', np.float64(0.0)), ('f87', np.float64(0.0)), ('f88', np.float64(0.0)), ('f89', np.float64(0.0)), ('f90', np.float64(0.0)), ('f91', np.float64(0.0)), ('f92', np.float64(0.0)), ('f93', np.float64(0.0)), ('f94', np.float64(0.0)), ('f95', np.float64(0.0)), ('f96', np.float64(0.0)), ('f97', np.float64(0.0)), ('f98', np.float64(0.0))]",,clip,,,,0.12044859997695312,0.6028072999906726,0.28640700003597885,0.05267989996355027,1.070207999960985,0.49177489177489175,xgb_std,0.0018913000239990652,,,
eurasian_otter,xgb_std,lasso,100,,,0.8511904761904762,0.8469679633867278,"{'0': {'precision': 0.845360824742268, 'recall': 0.8913043478260869, 'f1-score': 0.8677248677248677, 'support': 92.0}, '1': {'precision': 0.8591549295774648, 'recall': 0.8026315789473685, 'f1-score': 0.8299319727891157, 'support': 76.0}, 'accuracy': 0.8511904761904762, 'macro avg': {'precision': 0.8522578771598663, 'recall': 0.8469679633867278, 'f1-score': 0.8488284202569917, 'support': 168.0}, 'weighted avg': {'precision': 0.8516010150248571, 'recall': 0.8511904761904762, 'f1-score': 0.8506280819205989, 'support': 168.0}}","['f78', 'f118', 'f202', 'f142', 'f181', 'f144', 'f137', 'f170', 'f164', 'f148', 'f182', 'f151', 'f199', 'f156', 'f160', 'f186', 'f152', 'f147', 'f196', 'f159', 'f161', 'f200', 'f146', 'f143', 'f163', 'f153', 'f162', 'f201', 'f0', 'f1', 'f2', 'f3', 'f4', 'f5', 'f6', 'f7', 'f8', 'f9', 'f10', 'f11', 'f12', 'f13', 'f14', 'f15', 'f16', 'f17', 'f18', 'f19', 'f20', 'f21', 'f22', 'f23', 'f24', 'f25', 'f26', 'f27', 'f28', 'f29', 'f30', 'f31', 'f32', 'f33', 'f34', 'f35', 'f36', 'f37', 'f38', 'f39', 'f40', 'f41', 'f42', 'f43', 'f44', 'f45', 'f46', 'f47', 'f48', 'f49', 'f50', 'f51', 'f52', 'f53', 'f54', 'f55', 'f56', 'f57', 'f58', 'f59', 'f60', 'f61', 'f62', 'f63', 'f64', 'f65', 'f66', 'f67', 'f68', 'f69', 'f70', 'f71']","[('f78', np.float64(0.1111650122819019)), ('f118', np.float64(0.10869223660341581)), ('f202', np.float64(0.03044262385893327)), ('f142', np.float64(0.025467798647961958)), ('f181', np.float64(0.02227142021793335)), ('f144', np.float64(0.016561120966777556)), ('f137', np.float64(0.01628294601754655)), ('f170', np.float64(0.014904742424785285)), ('f164', np.float64(0.01401974862969947)), ('f148', np.float64(0.01356722229065714)), ('f182', np.float64(0.010874893338403187)), ('f151', np.float64(0.010833666486696696)), ('f199', np.float64(0.008184507845912483)), ('f156', np.float64(0.0075178839746626765)), ('f160', np.float64(0.007393577202348677)), ('f186', np.float64(0.007385699943495115)), ('f152', np.float64(0.00638683422143698)), ('f147', np.float64(0.0059162300681156734)), ('f196', np.float64(0.0056372607647919536)), ('f159', np.float64(0.004276029924393734)), ('f161', np.float64(0.003169681020145588)), ('f200', np.float64(0.002705253078948022)), ('f146', np.float64(0.0025795655738143223)), ('f143', np.float64(0.002005756009852578)), ('f163', np.float64(0.0007933011575490849)), ('f153', np.float64(0.0004790269179732411)), ('f162', np.float64(0.00039483262212155963)), ('f201', np.float64(1.1735675106791871e-18)), ('f0', np.float64(0.0)), ('f1', np.float64(0.0)), ('f2', np.float64(0.0)), ('f3', np.float64(0.0)), ('f4', np.float64(0.0)), ('f5', np.float64(0.0)), ('f6', np.float64(0.0)), ('f7', np.float64(0.0)), ('f8', np.float64(0.0)), ('f9', np.float64(0.0)), ('f10', np.float64(0.0)), ('f11', np.float64(0.0)), ('f12', np.float64(0.0)), ('f13', np.float64(0.0)), ('f14', np.float64(0.0)), ('f15', np.float64(0.0)), ('f16', np.float64(0.0)), ('f17', np.float64(0.0)), ('f18', np.float64(0.0)), ('f19', np.float64(0.0)), ('f20', np.float64(0.0)), ('f21', np.float64(0.0)), ('f22', np.float64(0.0)), ('f23', np.float64(0.0)), ('f24', np.float64(0.0)), ('f25', np.float64(0.0)), ('f26', np.float64(0.0)), ('f27', np.float64(0.0)), ('f28', np.float64(0.0)), ('f29', np.float64(0.0)), ('f30', np.float64(0.0)), ('f31', np.float64(0.0)), ('f32', np.float64(0.0)), ('f33', np.float64(0.0)), ('f34', np.float64(0.0)), ('f35', np.float64(0.0)), ('f36', np.float64(0.0)), ('f37', np.float64(0.0)), ('f38', np.float64(0.0)), ('f39', np.float64(0.0)), ('f40', np.float64(0.0)), ('f41', np.float64(0.0)), ('f42', np.float64(0.0)), ('f43', np.float64(0.0)), ('f44', np.float64(0.0)), ('f45', np.float64(0.0)), ('f46', np.float64(0.0)), ('f47', np.float64(0.0)), ('f48', np.float64(0.0)), ('f49', np.float64(0.0)), ('f50', np.float64(0.0)), ('f51', np.float64(0.0)), ('f52', np.float64(0.0)), ('f53', np.float64(0.0)), ('f54', np.float64(0.0)), ('f55', np.float64(0.0)), ('f56', np.float64(0.0)), ('f57', np.float64(0.0)), ('f58', np.float64(0.0)), ('f59', np.float64(0.0)), ('f60', np.float64(0.0)), ('f61', np.float64(0.0)), ('f62', np.float64(0.0)), ('f63', np.float64(0.0)), ('f64', np.float64(0.0)), ('f65', np.float64(0.0)), ('f66', np.float64(0.0)), ('f67', np.float64(0.0)), ('f68', np.float64(0.0)), ('f69', np.float64(0.0)), ('f70', np.float64(0.0)), ('f71', np.float64(0.0))]",,clip,,,,0.15517889999318868,0.46104120003292337,0.20273620000807568,0.09230950003257021,0.9187718000030145,0.8469679633867278,xgb_std,0.0018211999558843672,,,
eurasian_otter_sex_pred,xgb_std,lasso,100,,,0.8273809523809523,0.8263729977116705,"{'0': {'precision': 0.8461538461538461, 'recall': 0.8369565217391305, 'f1-score': 0.8415300546448088, 'support': 92.0}, '1': {'precision': 0.8051948051948052, 'recall': 0.8157894736842105, 'f1-score': 0.8104575163398693, 'support': 76.0}, 'accuracy': 0.8273809523809523, 'macro avg': {'precision': 0.8256743256743257, 'recall': 0.8263729977116705, 'f1-score': 0.825993785492339, 'support': 168.0}, 'weighted avg': {'precision': 0.8276247561961847, 'recall': 0.8273809523809523, 'f1-score': 0.8274734301735267, 'support': 168.0}}","['f206', 'f78', 'f118', 'f202', 'f173', 'f183', 'f205', 'f196', 'f142', 'f198', 'f164', 'f137', 'f156', 'f188', 'f144', 'f153', 'f143', 'f146', 'f148', 'f159', 'f170', 'f152', 'f151', 'f165', 'f161', 'f200', 'f160', 'f162', 'f158', 'f163', 'f182', 'f0', 'f1', 'f2', 'f3', 'f4', 'f5', 'f6', 'f7', 'f8', 'f9', 'f10', 'f11', 'f12', 'f13', 'f14', 'f15', 'f16', 'f17', 'f18', 'f19', 'f20', 'f21', 'f22', 'f23', 'f24', 'f25', 'f26', 'f27', 'f28', 'f29', 'f30', 'f31', 'f32', 'f33', 'f34', 'f35', 'f36', 'f37', 'f38', 'f39', 'f40', 'f41', 'f42', 'f43', 'f44', 'f45', 'f46', 'f47', 'f48', 'f49', 'f50', 'f51', 'f52', 'f53', 'f54', 'f55', 'f56', 'f57', 'f58', 'f59', 'f60', 'f61', 'f62', 'f63', 'f64', 'f65', 'f66', 'f67', 'f68']","[('f206', np.float64(0.4069748445543422)), ('f78', np.float64(0.12217249171932246)), ('f118', np.float64(0.04786064515582405)), ('f202', np.float64(0.03550942641305299)), ('f173', np.float64(0.03255632836323419)), ('f183', np.float64(0.027550011706643455)), ('f205', np.float64(0.025458767567341136)), ('f196', np.float64(0.024440294587989495)), ('f142', np.float64(0.019980034480985155)), ('f198', np.float64(0.019879191830303573)), ('f164', np.float64(0.015636126971435828)), ('f137', np.float64(0.013996731583612023)), ('f156', np.float64(0.013969674434323136)), ('f188', np.float64(0.013381628363978)), ('f144', np.float64(0.012560342310882995)), ('f153', np.float64(0.01197855384945526)), ('f143', np.float64(0.010254560511336386)), ('f146', np.float64(0.0075235124639514515)), ('f148', np.float64(0.006951346374196248)), ('f159', np.float64(0.006430613614874726)), ('f170', np.float64(0.004539986439170574)), ('f152', np.float64(0.004069671638457761)), ('f151', np.float64(0.003973204710639672)), ('f165', np.float64(0.003883859434847293)), ('f161', np.float64(0.0027448429171577807)), ('f200', np.float64(0.0027183971945548644)), ('f160', np.float64(0.002077877452117596)), ('f162', np.float64(0.0014206124185201687)), ('f158', np.float64(0.0011445329066784662)), ('f163', np.float64(0.0001766543027569037)), ('f182', np.float64(1.0479398284054462e-05)), ('f0', np.float64(0.0)), ('f1', np.float64(0.0)), ('f2', np.float64(0.0)), ('f3', np.float64(0.0)), ('f4', np.float64(0.0)), ('f5', np.float64(0.0)), ('f6', np.float64(0.0)), ('f7', np.float64(0.0)), ('f8', np.float64(0.0)), ('f9', np.float64(0.0)), ('f10', np.float64(0.0)), ('f11', np.float64(0.0)), ('f12', np.float64(0.0)), ('f13', np.float64(0.0)), ('f14', np.float64(0.0)), ('f15', np.float64(0.0)), ('f16', np.float64(0.0)), ('f17', np.float64(0.0)), ('f18', np.float64(0.0)), ('f19', np.float64(0.0)), ('f20', np.float64(0.0)), ('f21', np.float64(0.0)), ('f22', np.float64(0.0)), ('f23', np.float64(0.0)), ('f24', np.float64(0.0)), ('f25', np.float64(0.0)), ('f26', np.float64(0.0)), ('f27', np.float64(0.0)), ('f28', np.float64(0.0)), ('f29', np.float64(0.0)), ('f30', np.float64(0.0)), ('f31', np.float64(0.0)), ('f32', np.float64(0.0)), ('f33', np.float64(0.0)), ('f34', np.float64(0.0)), ('f35', np.float64(0.0)), ('f36', np.float64(0.0)), ('f37', np.float64(0.0)), ('f38', np.float64(0.0)), ('f39', np.float64(0.0)), ('f40', np.float64(0.0)), ('f41', np.float64(0.0)), ('f42', np.float64(0.0)), ('f43', np.float64(0.0)), ('f44', np.float64(0.0)), ('f45', np.float64(0.0)), ('f46', np.float64(0.0)), ('f47', np.float64(0.0)), ('f48', np.float64(0.0)), ('f49', np.float64(0.0)), ('f50', np.float64(0.0)), ('f51', np.float64(0.0)), ('f52', np.float64(0.0)), ('f53', np.float64(0.0)), ('f54', np.float64(0.0)), ('f55', np.float64(0.0)), ('f56', np.float64(0.0)), ('f57', np.float64(0.0)), ('f58', np.float64(0.0)), ('f59', np.float64(0.0)), ('f60', np.float64(0.0)), ('f61', np.float64(0.0)), ('f62', np.float64(0.0)), ('f63', np.float64(0.0)), ('f64', np.float64(0.0)), ('f65', np.float64(0.0)), ('f66', np.float64(0.0)), ('f67', np.float64(0.0)), ('f68', np.float64(0.0))]",,clip,,,,0.13294569996651262,0.41165289998752996,0.1815319000161253,0.11197080003330484,0.8468560000183061,0.8263729977116705,xgb_std,0.0017197999986819923,,,
giant_panda,xgb_std,lasso,100,,,0.73,0.7801372801372801,"{'0': {'precision': 0.9736842105263158, 'recall': 0.5873015873015873, 'f1-score': 0.7326732673267327, 'support': 63.0}, '1': {'precision': 0.5806451612903226, 'recall': 0.972972972972973, 'f1-score': 0.7272727272727273, 'support': 37.0}, 'accuracy': 0.73, 'macro avg': {'precision': 0.7771646859083192, 'recall': 0.7801372801372801, 'f1-score': 0.72997299729973, 'support': 100.0}, 'weighted avg': {'precision': 0.8282597623089984, 'recall': 0.73, 'f1-score': 0.7306750675067506, 'support': 100.0}}","['f110', 'f108', 'f119', 'f115', 'f92', 'f84', 'f93', 'f79', 'f82', 'f96', 'f77', 'f105', 'f102', 'f114', 'f0', 'f1', 'f2', 'f3', 'f4', 'f5', 'f6', 'f7', 'f8', 'f9', 'f10', 'f11', 'f12', 'f13', 'f14', 'f15', 'f16', 'f17', 'f18', 'f19', 'f20', 'f21', 'f22', 'f23', 'f24', 'f25', 'f26', 'f27', 'f28', 'f29', 'f30', 'f31', 'f32', 'f33', 'f34', 'f35', 'f36', 'f37', 'f38', 'f39', 'f40', 'f41', 'f42', 'f43', 'f44', 'f45', 'f46', 'f47', 'f48', 'f49', 'f50', 'f51', 'f52', 'f53', 'f54', 'f55', 'f56', 'f57', 'f58', 'f59', 'f60', 'f61', 'f62', 'f63', 'f64', 'f65', 'f66', 'f67', 'f68', 'f69', 'f70', 'f71', 'f72', 'f73', 'f74', 'f75', 'f76', 'f78', 'f80', 'f81', 'f83', 'f85', 'f86', 'f87', 'f88', 'f89']","[('f110', np.float64(0.0375724183462051)), ('f108', np.float64(0.028626867878291776)), ('f119', np.float64(0.0260626173983784)), ('f115', np.float64(0.0160231543147881)), ('f92', np.float64(0.013876959651246757)), ('f84', np.float64(0.0124531923634519)), ('f93', np.float64(0.011942438650359983)), ('f79', np.float64(0.011877836933531298)), ('f82', np.float64(0.009506805192084081)), ('f96', np.float64(0.00846872092163425)), ('f77', np.float64(0.004916137088221828)), ('f105', np.float64(0.004539198444919256)), ('f102', np.float64(0.003375179363149173)), ('f114', np.float64(0.0010972389524438405)), ('f0', np.float64(0.0)), ('f1', np.float64(0.0)), ('f2', np.float64(0.0)), ('f3', np.float64(0.0)), ('f4', np.float64(0.0)), ('f5', np.float64(0.0)), ('f6', np.float64(0.0)), ('f7', np.float64(0.0)), ('f8', np.float64(0.0)), ('f9', np.float64(0.0)), ('f10', np.float64(0.0)), ('f11', np.float64(0.0)), ('f12', np.float64(0.0)), ('f13', np.float64(0.0)), ('f14', np.float64(0.0)), ('f15', np.float64(0.0)), ('f16', np.float64(0.0)), ('f17', np.float64(0.0)), ('f18', np.float64(0.0)), ('f19', np.float64(0.0)), ('f20', np.float64(0.0)), ('f21', np.float64(0.0)), ('f22', np.float64(0.0)), ('f23', np.float64(0.0)), ('f24', np.float64(0.0)), ('f25', np.float64(0.0)), ('f26', np.float64(0.0)), ('f27', np.float64(0.0)), ('f28', np.float64(0.0)), ('f29', np.float64(0.0)), ('f30', np.float64(0.0)), ('f31', np.float64(0.0)), ('f32', np.float64(0.0)), ('f33', np.float64(0.0)), ('f34', np.float64(0.0)), ('f35', np.float64(0.0)), ('f36', np.float64(0.0)), ('f37', np.float64(0.0)), ('f38', np.float64(0.0)), ('f39', np.float64(0.0)), ('f40', np.float64(0.0)), ('f41', np.float64(0.0)), ('f42', np.float64(0.0)), ('f43', np.float64(0.0)), ('f44', np.float64(0.0)), ('f45', np.float64(0.0)), ('f46', np.float64(0.0)), ('f47', np.float64(0.0)), ('f48', np.float64(0.0)), ('f49', np.float64(0.0)), ('f50', np.float64(0.0)), ('f51', np.float64(0.0)), ('f52', np.float64(0.0)), ('f53', np.float64(0.0)), ('f54', np.float64(0.0)), ('f55', np.float64(0.0)), ('f56', np.float64(0.0)), ('f57', np.float64(0.0)), ('f58', np.float64(0.0)), ('f59', np.float64(0.0)), ('f60', np.float64(0.0)), ('f61', np.float64(0.0)), ('f62', np.float64(0.0)), ('f63', np.float64(0.0)), ('f64', np.float64(0.0)), ('f65', np.float64(0.0)), ('f66', np.float64(0.0)), ('f67', np.float64(0.0)), ('f68', np.float64(0.0)), ('f69', np.float64(0.0)), ('f70', np.float64(0.0)), ('f71', np.float64(0.0)), ('f72', np.float64(0.0)), ('f73', np.float64(0.0)), ('f74', np.float64(0.0)), ('f75', np.float64(0.0)), ('f76', np.float64(0.0)), ('f78', np.float64(0.0)), ('f80', np.float64(0.0)), ('f81', np.float64(0.0)), ('f83', np.float64(0.0)), ('f85', np.float64(0.0)), ('f86', np.float64(0.0)), ('f87', np.float64(0.0)), ('f88', np.float64(0.0)), ('f89', np.float64(0.0))]",,clip,,,,0.09806610003579408,0.36907389998668805,0.20403359999181703,0.047861099999863654,0.7265532999881543,0.7801372801372801,xgb_std,0.001430200005415827,,,
jubatus,xgb_std,lasso,100,,,0.5714285714285714,0.5396825396825397,"{'0': {'precision': 0.5882352941176471, 'recall': 0.7936507936507936, 'f1-score': 0.6756756756756757, 'support': 63.0}, '1': {'precision': 0.5185185185185185, 'recall': 0.2857142857142857, 'f1-score': 0.3684210526315789, 'support': 49.0}, 'accuracy': 0.5714285714285714, 'macro avg': {'precision': 0.5533769063180828, 'recall': 0.5396825396825397, 'f1-score': 0.5220483641536273, 'support': 112.0}, 'weighted avg': {'precision': 0.5577342047930284, 'recall': 0.5714285714285714, 'f1-score': 0.5412517780938834, 'support': 112.0}}","['f132', 'f0', 'f1', 'f2', 'f3', 'f4', 'f5', 'f6', 'f7', 'f8', 'f9', 'f10', 'f11', 'f12', 'f13', 'f14', 'f15', 'f16', 'f17', 'f18', 'f19', 'f20', 'f21', 'f22', 'f23', 'f24', 'f25', 'f26', 'f27', 'f28', 'f29', 'f30', 'f31', 'f32', 'f33', 'f34', 'f35', 'f36', 'f37', 'f38', 'f39', 'f40', 'f41', 'f42', 'f43', 'f44', 'f45', 'f46', 'f47', 'f48', 'f49', 'f50', 'f51', 'f52', 'f53', 'f54', 'f55', 'f56', 'f57', 'f58', 'f59', 'f60', 'f61', 'f62', 'f63', 'f64', 'f65', 'f66', 'f67', 'f68', 'f69', 'f70', 'f71', 'f72', 'f73', 'f74', 'f75', 'f76', 'f77', 'f78', 'f79', 'f80', 'f81', 'f82', 'f83', 'f84', 'f85', 'f86', 'f87', 'f88', 'f89', 'f90', 'f91', 'f92', 'f93', 'f94', 'f95', 'f96', 'f97', 'f98']","[('f132', np.float64(0.004911164873338398)), ('f0', np.float64(0.0)), ('f1', np.float64(0.0)), ('f2', np.float64(0.0)), ('f3', np.float64(0.0)), ('f4', np.float64(0.0)), ('f5', np.float64(0.0)), ('f6', np.float64(0.0)), ('f7', np.float64(0.0)), ('f8', np.float64(0.0)), ('f9', np.float64(0.0)), ('f10', np.float64(0.0)), ('f11', np.float64(0.0)), ('f12', np.float64(0.0)), ('f13', np.float64(0.0)), ('f14', np.float64(0.0)), ('f15', np.float64(0.0)), ('f16', np.float64(0.0)), ('f17', np.float64(0.0)), ('f18', np.float64(0.0)), ('f19', np.float64(0.0)), ('f20', np.float64(0.0)), ('f21', np.float64(0.0)), ('f22', np.float64(0.0)), ('f23', np.float64(0.0)), ('f24', np.float64(0.0)), ('f25', np.float64(0.0)), ('f26', np.float64(0.0)), ('f27', np.float64(0.0)), ('f28', np.float64(0.0)), ('f29', np.float64(0.0)), ('f30', np.float64(0.0)), ('f31', np.float64(0.0)), ('f32', np.float64(0.0)), ('f33', np.float64(0.0)), ('f34', np.float64(0.0)), ('f35', np.float64(0.0)), ('f36', np.float64(0.0)), ('f37', np.float64(0.0)), ('f38', np.float64(0.0)), ('f39', np.float64(0.0)), ('f40', np.float64(0.0)), ('f41', np.float64(0.0)), ('f42', np.float64(0.0)), ('f43', np.float64(0.0)), ('f44', np.float64(0.0)), ('f45', np.float64(0.0)), ('f46', np.float64(0.0)), ('f47', np.float64(0.0)), ('f48', np.float64(0.0)), ('f49', np.float64(0.0)), ('f50', np.float64(0.0)), ('f51', np.float64(0.0)), ('f52', np.float64(0.0)), ('f53', np.float64(0.0)), ('f54', np.float64(0.0)), ('f55', np.float64(0.0)), ('f56', np.float64(0.0)), ('f57', np.float64(0.0)), ('f58', np.float64(0.0)), ('f59', np.float64(0.0)), ('f60', np.float64(0.0)), ('f61', np.float64(0.0)), ('f62', np.float64(0.0)), ('f63', np.float64(0.0)), ('f64', np.float64(0.0)), ('f65', np.float64(0.0)), ('f66', np.float64(0.0)), ('f67', np.float64(0.0)), ('f68', np.float64(0.0)), ('f69', np.float64(0.0)), ('f70', np.float64(0.0)), ('f71', np.float64(0.0)), ('f72', np.float64(0.0)), ('f73', np.float64(0.0)), ('f74', np.float64(0.0)), ('f75', np.float64(0.0)), ('f76', np.float64(0.0)), ('f77', np.float64(0.0)), ('f78', np.float64(0.0)), ('f79', np.float64(0.0)), ('f80', np.float64(0.0)), ('f81', np.float64(0.0)), ('f82', np.float64(0.0)), ('f83', np.float64(0.0)), ('f84', np.float64(0.0)), ('f85', np.float64(0.0)), ('f86', np.float64(0.0)), ('f87', np.float64(0.0)), ('f88', np.float64(0.0)), ('f89', np.float64(0.0)), ('f90', np.float64(0.0)), ('f91', np.float64(0.0)), ('f92', np.float64(0.0)), ('f93', np.float64(0.0)), ('f94', np.float64(0.0)), ('f95', np.float64(0.0)), ('f96', np.float64(0.0)), ('f97', np.float64(0.0)), ('f98', np.float64(0.0))]",,clip,,,,0.11468430003151298,0.4835355000104755,0.2714352000039071,0.07161619997350499,0.9501804999890737,0.5396825396825397,xgb_std,0.0019889999530278146,,,
lowlandtapir,xgb_std,lasso,100,,,0.4444444444444444,0.4512362637362637,"{'0': {'precision': 0.4411764705882353, 'recall': 0.26785714285714285, 'f1-score': 0.3333333333333333, 'support': 56.0}, '1': {'precision': 0.44594594594594594, 'recall': 0.6346153846153846, 'f1-score': 0.5238095238095238, 'support': 52.0}, 'accuracy': 0.4444444444444444, 'macro avg': {'precision': 0.4435612082670906, 'recall': 0.4512362637362637, 'f1-score': 0.4285714285714286, 'support': 108.0}, 'weighted avg': {'precision': 0.44347288464935525, 'recall': 0.4444444444444444, 'f1-score': 0.42504409171075835, 'support': 108.0}}","['f0', 'f1', 'f2', 'f3', 'f4', 'f5', 'f6', 'f7', 'f8', 'f9', 'f10', 'f11', 'f12', 'f13', 'f14', 'f15', 'f16', 'f17', 'f18', 'f19', 'f20', 'f21', 'f22', 'f23', 'f24', 'f25', 'f26', 'f27', 'f28', 'f29', 'f30', 'f31', 'f32', 'f33', 'f34', 'f35', 'f36', 'f37', 'f38', 'f39', 'f40', 'f41', 'f42', 'f43', 'f44', 'f45', 'f46', 'f47', 'f48', 'f49', 'f50', 'f51', 'f52', 'f53', 'f54', 'f55', 'f56', 'f57', 'f58', 'f59', 'f60', 'f61', 'f62', 'f63', 'f64', 'f65', 'f66', 'f67', 'f68', 'f69', 'f70', 'f71', 'f72', 'f73', 'f74', 'f75', 'f76', 'f77', 'f78', 'f79', 'f80', 'f81', 'f82', 'f83', 'f84', 'f85', 'f86', 'f87', 'f88', 'f89', 'f90', 'f91', 'f92', 'f93', 'f94', 'f95', 'f96', 'f97', 'f98', 'f99']","[('f0', np.float64(0.0)), ('f1', np.float64(0.0)), ('f2', np.float64(0.0)), ('f3', np.float64(0.0)), ('f4', np.float64(0.0)), ('f5', np.float64(0.0)), ('f6', np.float64(0.0)), ('f7', np.float64(0.0)), ('f8', np.float64(0.0)), ('f9', np.float64(0.0)), ('f10', np.float64(0.0)), ('f11', np.float64(0.0)), ('f12', np.float64(0.0)), ('f13', np.float64(0.0)), ('f14', np.float64(0.0)), ('f15', np.float64(0.0)), ('f16', np.float64(0.0)), ('f17', np.float64(0.0)), ('f18', np.float64(0.0)), ('f19', np.float64(0.0)), ('f20', np.float64(0.0)), ('f21', np.float64(0.0)), ('f22', np.float64(0.0)), ('f23', np.float64(0.0)), ('f24', np.float64(0.0)), ('f25', np.float64(0.0)), ('f26', np.float64(0.0)), ('f27', np.float64(0.0)), ('f28', np.float64(0.0)), ('f29', np.float64(0.0)), ('f30', np.float64(0.0)), ('f31', np.float64(0.0)), ('f32', np.float64(0.0)), ('f33', np.float64(0.0)), ('f34', np.float64(0.0)), ('f35', np.float64(0.0)), ('f36', np.float64(0.0)), ('f37', np.float64(0.0)), ('f38', np.float64(0.0)), ('f39', np.float64(0.0)), ('f40', np.float64(0.0)), ('f41', np.float64(0.0)), ('f42', np.float64(0.0)), ('f43', np.float64(0.0)), ('f44', np.float64(0.0)), ('f45', np.float64(0.0)), ('f46', np.float64(0.0)), ('f47', np.float64(0.0)), ('f48', np.float64(0.0)), ('f49', np.float64(0.0)), ('f50', np.float64(0.0)), ('f51', np.float64(0.0)), ('f52', np.float64(0.0)), ('f53', np.float64(0.0)), ('f54', np.float64(0.0)), ('f55', np.float64(0.0)), ('f56', np.float64(0.0)), ('f57', np.float64(0.0)), ('f58', np.float64(0.0)), ('f59', np.float64(0.0)), ('f60', np.float64(0.0)), ('f61', np.float64(0.0)), ('f62', np.float64(0.0)), ('f63', np.float64(0.0)), ('f64', np.float64(0.0)), ('f65', np.float64(0.0)), ('f66', np.float64(0.0)), ('f67', np.float64(0.0)), ('f68', np.float64(0.0)), ('f69', np.float64(0.0)), ('f70', np.float64(0.0)), ('f71', np.float64(0.0)), ('f72', np.float64(0.0)), ('f73', np.float64(0.0)), ('f74', np.float64(0.0)), ('f75', np.float64(0.0)), ('f76', np.float64(0.0)), ('f77', np.float64(0.0)), ('f78', np.float64(0.0)), ('f79', np.float64(0.0)), ('f80', np.float64(0.0)), ('f81', np.float64(0.0)), ('f82', np.float64(0.0)), ('f83', np.float64(0.0)), ('f84', np.float64(0.0)), ('f85', np.float64(0.0)), ('f86', np.float64(0.0)), ('f87', np.float64(0.0)), ('f88', np.float64(0.0)), ('f89', np.float64(0.0)), ('f90', np.float64(0.0)), ('f91', np.float64(0.0)), ('f92', np.float64(0.0)), ('f93', np.float64(0.0)), ('f94', np.float64(0.0)), ('f95', np.float64(0.0)), ('f96', np.float64(0.0)), ('f97', np.float64(0.0)), ('f98', np.float64(0.0)), ('f99', np.float64(0.0))]",,clip,,,,0.07438639999600127,0.9425018000183627,0.1943155000335537,0.05046479997690767,1.2687501999898814,0.4512362637362637,xgb_std,0.0009764999849721789,,,
mountain_lion,xgb_std,lasso,100,,,0.8823529411764706,0.8549107142857143,"{'0': {'precision': 0.9027777777777778, 'recall': 0.9285714285714286, 'f1-score': 0.9154929577464789, 'support': 70.0}, '1': {'precision': 0.8333333333333334, 'recall': 0.78125, 'f1-score': 0.8064516129032258, 'support': 32.0}, 'accuracy': 0.8823529411764706, 'macro avg': {'precision': 0.8680555555555556, 'recall': 0.8549107142857143, 'f1-score': 0.8609722853248523, 'support': 102.0}, 'weighted avg': {'precision': 0.8809912854030502, 'recall': 0.8823529411764706, 'f1-score': 0.8812839083838896, 'support': 102.0}}","['f103', 'f128', 'f92', 'f122', 'f0', 'f1', 'f2', 'f3', 'f4', 'f5', 'f6', 'f7', 'f8', 'f9', 'f10', 'f11', 'f12', 'f13', 'f14', 'f15', 'f16', 'f17', 'f18', 'f19', 'f20', 'f21', 'f22', 'f23', 'f24', 'f25', 'f26', 'f27', 'f28', 'f29', 'f30', 'f31', 'f32', 'f33', 'f34', 'f35', 'f36', 'f37', 'f38', 'f39', 'f40', 'f41', 'f42', 'f43', 'f44', 'f45', 'f46', 'f47', 'f48', 'f49', 'f50', 'f51', 'f52', 'f53', 'f54', 'f55', 'f56', 'f57', 'f58', 'f59', 'f60', 'f61', 'f62', 'f63', 'f64', 'f65', 'f66', 'f67', 'f68', 'f69', 'f70', 'f71', 'f72', 'f73', 'f74', 'f75', 'f76', 'f77', 'f78', 'f79', 'f80', 'f81', 'f82', 'f83', 'f84', 'f85', 'f86', 'f87', 'f88', 'f89', 'f90', 'f91', 'f93', 'f94', 'f95', 'f96']","[('f103', np.float64(0.020132457598521426)), ('f128', np.float64(0.011381843571264058)), ('f92', np.float64(0.010415192734677094)), ('f122', np.float64(5.5948827058341145e-05)), ('f0', np.float64(0.0)), ('f1', np.float64(0.0)), ('f2', np.float64(0.0)), ('f3', np.float64(0.0)), ('f4', np.float64(0.0)), ('f5', np.float64(0.0)), ('f6', np.float64(0.0)), ('f7', np.float64(0.0)), ('f8', np.float64(0.0)), ('f9', np.float64(0.0)), ('f10', np.float64(0.0)), ('f11', np.float64(0.0)), ('f12', np.float64(0.0)), ('f13', np.float64(0.0)), ('f14', np.float64(0.0)), ('f15', np.float64(0.0)), ('f16', np.float64(0.0)), ('f17', np.float64(0.0)), ('f18', np.float64(0.0)), ('f19', np.float64(0.0)), ('f20', np.float64(0.0)), ('f21', np.float64(0.0)), ('f22', np.float64(0.0)), ('f23', np.float64(0.0)), ('f24', np.float64(0.0)), ('f25', np.float64(0.0)), ('f26', np.float64(0.0)), ('f27', np.float64(0.0)), ('f28', np.float64(0.0)), ('f29', np.float64(0.0)), ('f30', np.float64(0.0)), ('f31', np.float64(0.0)), ('f32', np.float64(0.0)), ('f33', np.float64(0.0)), ('f34', np.float64(0.0)), ('f35', np.float64(0.0)), ('f36', np.float64(0.0)), ('f37', np.float64(0.0)), ('f38', np.float64(0.0)), ('f39', np.float64(0.0)), ('f40', np.float64(0.0)), ('f41', np.float64(0.0)), ('f42', np.float64(0.0)), ('f43', np.float64(0.0)), ('f44', np.float64(0.0)), ('f45', np.float64(0.0)), ('f46', np.float64(0.0)), ('f47', np.float64(0.0)), ('f48', np.float64(0.0)), ('f49', np.float64(0.0)), ('f50', np.float64(0.0)), ('f51', np.float64(0.0)), ('f52', np.float64(0.0)), ('f53', np.float64(0.0)), ('f54', np.float64(0.0)), ('f55', np.float64(0.0)), ('f56', np.float64(0.0)), ('f57', np.float64(0.0)), ('f58', np.float64(0.0)), ('f59', np.float64(0.0)), ('f60', np.float64(0.0)), ('f61', np.float64(0.0)), ('f62', np.float64(0.0)), ('f63', np.float64(0.0)), ('f64', np.float64(0.0)), ('f65', np.float64(0.0)), ('f66', np.float64(0.0)), ('f67', np.float64(0.0)), ('f68', np.float64(0.0)), ('f69', np.float64(0.0)), ('f70', np.float64(0.0)), ('f71', np.float64(0.0)), ('f72', np.float64(0.0)), ('f73', np.float64(0.0)), ('f74', np.float64(0.0)), ('f75', np.float64(0.0)), ('f76', np.float64(0.0)), ('f77', np.float64(0.0)), ('f78', np.float64(0.0)), ('f79', np.float64(0.0)), ('f80', np.float64(0.0)), ('f81', np.float64(0.0)), ('f82', np.float64(0.0)), ('f83', np.float64(0.0)), ('f84', np.float64(0.0)), ('f85', np.float64(0.0)), ('f86', np.float64(0.0)), ('f87', np.float64(0.0)), ('f88', np.float64(0.0)), ('f89', np.float64(0.0)), ('f90', np.float64(0.0)), ('f91', np.float64(0.0)), ('f93', np.float64(0.0)), ('f94', np.float64(0.0)), ('f95', np.float64(0.0)), ('f96', np.float64(0.0))]",,clip,,,,0.08322919998317957,0.14317630004370585,0.1060686000273563,0.054922399984207004,0.39725219999672845,0.8549107142857143,xgb_std,0.001432000019121915,,,
white_rhino,xgb_std,lasso,100,,,0.5226666666666666,0.4588657641700405,"{'0': {'precision': 0.28205128205128205, 'recall': 0.2578125, 'f1-score': 0.2693877551020408, 'support': 128.0}, '1': {'precision': 0.6317829457364341, 'recall': 0.659919028340081, 'f1-score': 0.6455445544554456, 'support': 247.0}, 'accuracy': 0.5226666666666666, 'macro avg': {'precision': 0.4569171138938581, 'recall': 0.4588657641700405, 'f1-score': 0.4574661547787432, 'support': 375.0}, 'weighted avg': {'precision': 0.512407871198569, 'recall': 0.5226666666666666, 'f1-score': 0.5171497002761501, 'support': 375.0}}","['f62', 'f0', 'f1', 'f2', 'f3', 'f4', 'f5', 'f6', 'f7', 'f8', 'f9', 'f10', 'f11', 'f12', 'f13', 'f14', 'f15', 'f16', 'f17', 'f18', 'f19', 'f20', 'f21', 'f22', 'f23', 'f24', 'f25', 'f26', 'f27', 'f28', 'f29', 'f30', 'f31', 'f32', 'f33', 'f34', 'f35', 'f36', 'f37', 'f38', 'f39', 'f40', 'f41', 'f42', 'f43', 'f44', 'f45', 'f46', 'f47', 'f48', 'f49', 'f50', 'f51', 'f52', 'f53', 'f54', 'f55', 'f56', 'f57', 'f58', 'f59', 'f60', 'f61', 'f63', 'f64', 'f65', 'f66', 'f67', 'f68', 'f69', 'f70', 'f71', 'f72', 'f73', 'f74', 'f75', 'f76', 'f77', 'f78', 'f79', 'f80', 'f81', 'f82', 'f83', 'f84', 'f85', 'f86', 'f87', 'f88', 'f89', 'f90', 'f91', 'f92', 'f93', 'f94', 'f95', 'f96', 'f97', 'f98', 'f99']","[('f62', np.float64(0.006127964785722312)), ('f0', np.float64(0.0)), ('f1', np.float64(0.0)), ('f2', np.float64(0.0)), ('f3', np.float64(0.0)), ('f4', np.float64(0.0)), ('f5', np.float64(0.0)), ('f6', np.float64(0.0)), ('f7', np.float64(0.0)), ('f8', np.float64(0.0)), ('f9', np.float64(0.0)), ('f10', np.float64(0.0)), ('f11', np.float64(0.0)), ('f12', np.float64(0.0)), ('f13', np.float64(0.0)), ('f14', np.float64(0.0)), ('f15', np.float64(0.0)), ('f16', np.float64(0.0)), ('f17', np.float64(0.0)), ('f18', np.float64(0.0)), ('f19', np.float64(0.0)), ('f20', np.float64(0.0)), ('f21', np.float64(0.0)), ('f22', np.float64(0.0)), ('f23', np.float64(0.0)), ('f24', np.float64(0.0)), ('f25', np.float64(0.0)), ('f26', np.float64(0.0)), ('f27', np.float64(0.0)), ('f28', np.float64(0.0)), ('f29', np.float64(0.0)), ('f30', np.float64(0.0)), ('f31', np.float64(0.0)), ('f32', np.float64(0.0)), ('f33', np.float64(0.0)), ('f34', np.float64(0.0)), ('f35', np.float64(0.0)), ('f36', np.float64(0.0)), ('f37', np.float64(0.0)), ('f38', np.float64(0.0)), ('f39', np.float64(0.0)), ('f40', np.float64(0.0)), ('f41', np.float64(0.0)), ('f42', np.float64(0.0)), ('f43', np.float64(0.0)), ('f44', np.float64(0.0)), ('f45', np.float64(0.0)), ('f46', np.float64(0.0)), ('f47', np.float64(0.0)), ('f48', np.float64(0.0)), ('f49', np.float64(0.0)), ('f50', np.float64(0.0)), ('f51', np.float64(0.0)), ('f52', np.float64(0.0)), ('f53', np.float64(0.0)), ('f54', np.float64(0.0)), ('f55', np.float64(0.0)), ('f56', np.float64(0.0)), ('f57', np.float64(0.0)), ('f58', np.float64(0.0)), ('f59', np.float64(0.0)), ('f60', np.float64(0.0)), ('f61', np.float64(0.0)), ('f63', np.float64(0.0)), ('f64', np.float64(0.0)), ('f65', np.float64(0.0)), ('f66', np.float64(0.0)), ('f67', np.float64(0.0)), ('f68', np.float64(0.0)), ('f69', np.float64(0.0)), ('f70', np.float64(0.0)), ('f71', np.float64(0.0)), ('f72', np.float64(0.0)), ('f73', np.float64(0.0)), ('f74', np.float64(0.0)), ('f75', np.float64(0.0)), ('f76', np.float64(0.0)), ('f77', np.float64(0.0)), ('f78', np.float64(0.0)), ('f79', np.float64(0.0)), ('f80', np.float64(0.0)), ('f81', np.float64(0.0)), ('f82', np.float64(0.0)), ('f83', np.float64(0.0)), ('f84', np.float64(0.0)), ('f85', np.float64(0.0)), ('f86', np.float64(0.0)), ('f87', np.float64(0.0)), ('f88', np.float64(0.0)), ('f89', np.float64(0.0)), ('f90', np.float64(0.0)), ('f91', np.float64(0.0)), ('f92', np.float64(0.0)), ('f93', np.float64(0.0)), ('f94', np.float64(0.0)), ('f95', np.float64(0.0)), ('f96', np.float64(0.0)), ('f97', np.float64(0.0)), ('f98', np.float64(0.0)), ('f99', np.float64(0.0))]",,clip,,,,0.11179090000223368,0.6422142999945208,0.29260689998045564,0.06061980000231415,1.1155816999962553,0.4588657641700405,xgb_std,0.002524399955291301,,,
aj_someringii,catb_fast,forward,10,,,0.4805194805194805,0.49234693877551017,"{'0': {'precision': 0.35714285714285715, 'recall': 0.5357142857142857, 'f1-score': 0.42857142857142855, 'support': 28.0}, '1': {'precision': 0.6285714285714286, 'recall': 0.4489795918367347, 'f1-score': 0.5238095238095238, 'support': 49.0}, 'accuracy': 0.4805194805194805, 'macro avg': {'precision': 0.4928571428571429, 'recall': 0.49234693877551017, 'f1-score': 0.47619047619047616, 'support': 77.0}, 'weighted avg': {'precision': 0.5298701298701298, 'recall': 0.4805194805194805, 'f1-score': 0.48917748917748927, 'support': 77.0}}","['f0', 'f5', 'f2', 'f1', 'f7', 'f8', 'f6', 'f3', 'f9', 'f4']","[('f0', np.float64(5.904090739657886)), ('f5', np.float64(5.038872262968259)), ('f2', np.float64(3.1269167332800043)), ('f1', np.float64(1.8468019656395191)), ('f7', np.float64(1.530831184226215)), ('f8', np.float64(1.2541531162743538)), ('f6', np.float64(1.044739415598582)), ('f3', np.float64(0.9279104462629939)), ('f9', np.float64(0.5412735709984435)), ('f4', np.float64(0.0539948419648699))]",,clip,robust,pca,,0.06624190002912655,0.016635100007988513,0.24126610002713278,0.049105599988251925,0.4566548999864608,0.49234693877551017,catb_fast,0.001000799995381385,0.009843500040005893,0.06604250002419576,
amur_tiger,catb_fast,forward,10,,,0.9583333333333334,0.96875,"{'0': {'precision': 0.8888888888888888, 'recall': 1.0, 'f1-score': 0.9411764705882353, 'support': 40.0}, '1': {'precision': 1.0, 'recall': 0.9375, 'f1-score': 0.967741935483871, 'support': 80.0}, 'accuracy': 0.9583333333333334, 'macro avg': {'precision': 0.9444444444444444, 'recall': 0.96875, 'f1-score': 0.9544592030360531, 'support': 120.0}, 'weighted avg': {'precision': 0.962962962962963, 'recall': 0.9583333333333334, 'f1-score': 0.958886780518659, 'support': 120.0}}","['f0', 'f7', 'f2', 'f4', 'f5', 'f9', 'f6', 'f1', 'f3', 'f8']","[('f0', np.float64(804.4822472022785)), ('f7', np.float64(47.59027838369267)), ('f2', np.float64(20.83100358224699)), ('f4', np.float64(19.039044304279408)), ('f5', np.float64(12.069007186287722)), ('f9', np.float64(11.889679844445233)), ('f6', np.float64(10.792029657724266)), ('f1', np.float64(5.481489169105585)), ('f3', np.float64(1.1883270501989)), ('f8', np.float64(0.02067956773343918))]",,clip,robust,pca,,0.08356220001587644,0.051849500043317676,0.08594399999128655,0.07406800001626834,0.32058840000536293,0.96875,catb_fast,0.0018618999747559428,0.011779099993873388,0.004941300023347139,
bengal_tiger,catb_fast,forward,10,,,0.6938775510204082,0.6825396825396826,"{'0': {'precision': 0.2692307692307692, 'recall': 0.6666666666666666, 'f1-score': 0.3835616438356164, 'support': 21.0}, '1': {'precision': 0.9263157894736842, 'recall': 0.6984126984126984, 'f1-score': 0.7963800904977375, 'support': 126.0}, 'accuracy': 0.6938775510204082, 'macro avg': {'precision': 0.5977732793522267, 'recall': 0.6825396825396826, 'f1-score': 0.589970867166677, 'support': 147.0}, 'weighted avg': {'precision': 0.8324465008675535, 'recall': 0.6938775510204082, 'f1-score': 0.7374060266888631, 'support': 147.0}}","['f0', 'f4', 'f9', 'f7', 'f1', 'f6', 'f2', 'f5', 'f3', 'f8']","[('f0', np.float64(433.73451732007095)), ('f4', np.float64(25.114508697700924)), ('f9', np.float64(23.536634802603746)), ('f7', np.float64(9.668897499340053)), ('f1', np.float64(7.783984649289638)), ('f6', np.float64(4.944970777719453)), ('f2', np.float64(3.572922453086428)), ('f5', np.float64(0.7447306702805232)), ('f3', np.float64(0.39023017399319004)), ('f8', np.float64(0.24783187476219987))]",,clip,robust,pca,,0.10696100001223385,0.05211970000527799,0.08637209999142215,0.05082509998464957,0.32291430002078414,0.6825396825396826,catb_fast,0.0017785999807529151,0.012282699986826628,0.0062556000193580985,
cheetah,catb_fast,forward,10,,,0.5826771653543307,0.567965367965368,"{'0': {'precision': 0.21818181818181817, 'recall': 0.5454545454545454, 'f1-score': 0.3116883116883117, 'support': 22.0}, '1': {'precision': 0.8611111111111112, 'recall': 0.5904761904761905, 'f1-score': 0.7005649717514124, 'support': 105.0}, 'accuracy': 0.5826771653543307, 'macro avg': {'precision': 0.5396464646464647, 'recall': 0.567965367965368, 'f1-score': 0.506126641719862, 'support': 127.0}, 'weighted avg': {'precision': 0.7497375328083989, 'recall': 0.5826771653543307, 'f1-score': 0.6332005109530799, 'support': 127.0}}","['f8', 'f1', 'f6', 'f9', 'f3', 'f5', 'f4', 'f2', 'f7', 'f0']","[('f8', np.float64(27.69683058102928)), ('f1', np.float64(23.18223778088059)), ('f6', np.float64(8.273868197125559)), ('f9', np.float64(7.664269825085609)), ('f3', np.float64(6.932246347223984)), ('f5', np.float64(4.984128038608978)), ('f4', np.float64(2.311055197944966)), ('f2', np.float64(1.2813214378390287)), ('f7', np.float64(0.1983923594219057)), ('f0', np.float64(0.16503788975044673))]",,clip,robust,pca,,0.11928080004872754,0.12827909999759868,0.10091810004087165,0.06772229995112866,0.4475088999606669,0.567965367965368,catb_fast,0.001975800027139485,0.012551099993288517,0.006391100003384054,
eurasian_otter,catb_fast,forward,10,,,0.8809523809523809,0.8787185354691076,"{'0': {'precision': 0.8829787234042553, 'recall': 0.9021739130434783, 'f1-score': 0.8924731182795699, 'support': 92.0}, '1': {'precision': 0.8783783783783784, 'recall': 0.8552631578947368, 'f1-score': 0.8666666666666667, 'support': 76.0}, 'accuracy': 0.8809523809523809, 'macro avg': {'precision': 0.8806785508913169, 'recall': 0.8787185354691076, 'f1-score': 0.8795698924731183, 'support': 168.0}, 'weighted avg': {'precision': 0.8808976149401682, 'recall': 0.8809523809523809, 'f1-score': 0.8807987711213519, 'support': 168.0}}","['f0', 'f1', 'f2', 'f8', 'f7', 'f4', 'f6', 'f9', 'f3', 'f5']","[('f0', np.float64(211.8938814946507)), ('f1', np.float64(58.74790091247799)), ('f2', np.float64(10.01408941411114)), ('f8', np.float64(8.38093953324401)), ('f7', np.float64(3.480760905857848)), ('f4', np.float64(1.472462158953975)), ('f6', np.float64(1.0272375114867542)), ('f9', np.float64(0.8857849396961558)), ('f3', np.float64(0.5666274281528532)), ('f5', np.float64(0.04874112625722429))]",,clip,robust,pca,,0.14210240001557395,0.0438092999975197,0.08663490001345053,0.08915239997440949,0.39618600002722815,0.8787185354691076,catb_fast,0.0019771999795921147,0.015157099987845868,0.010857500019483268,
eurasian_otter_sex_pred,catb_fast,forward,10,,,0.8809523809523809,0.8810068649885583,"{'0': {'precision': 0.9, 'recall': 0.8804347826086957, 'f1-score': 0.8901098901098901, 'support': 92.0}, '1': {'precision': 0.8589743589743589, 'recall': 0.881578947368421, 'f1-score': 0.8701298701298701, 'support': 76.0}, 'accuracy': 0.8809523809523809, 'macro avg': {'precision': 0.8794871794871795, 'recall': 0.8810068649885583, 'f1-score': 0.8801198801198801, 'support': 168.0}, 'weighted avg': {'precision': 0.8814407814407814, 'recall': 0.8809523809523809, 'f1-score': 0.8810713096427382, 'support': 168.0}}","['f0', 'f1', 'f2', 'f8', 'f7', 'f4', 'f9', 'f6', 'f3', 'f5']","[('f0', np.float64(214.3665812313261)), ('f1', np.float64(60.410132333449106)), ('f2', np.float64(10.379503056878201)), ('f8', np.float64(8.4970806643646)), ('f7', np.float64(4.277186993737932)), ('f4', np.float64(1.5113545635514405)), ('f9', np.float64(0.886219379303074)), ('f6', np.float64(0.7597741220892723)), ('f3', np.float64(0.529011461777915)), ('f5', np.float64(0.06622584600352496))]",,clip,robust,pca,,0.14025050000054762,0.04643749998649582,0.0949850999750197,0.10453000001143664,0.42110640002647415,0.8810068649885583,catb_fast,0.0018286000122316182,0.01616559998365119,0.010956100013572723,
giant_panda,catb_fast,forward,10,,,0.72,0.7666237666237666,"{'0': {'precision': 0.9487179487179487, 'recall': 0.5873015873015873, 'f1-score': 0.7254901960784313, 'support': 63.0}, '1': {'precision': 0.5737704918032787, 'recall': 0.9459459459459459, 'f1-score': 0.7142857142857143, 'support': 37.0}, 'accuracy': 0.72, 'macro avg': {'precision': 0.7612442202606137, 'recall': 0.7666237666237666, 'f1-score': 0.7198879551820728, 'support': 100.0}, 'weighted avg': {'precision': 0.8099873896595207, 'recall': 0.72, 'f1-score': 0.7213445378151261, 'support': 100.0}}","['f0', 'f6', 'f4', 'f1', 'f8', 'f3', 'f7', 'f5', 'f2', 'f9']","[('f0', np.float64(132.70007065687)), ('f6', np.float64(22.299978994361766)), ('f4', np.float64(17.68364175220176)), ('f1', np.float64(17.90510426681802)), ('f8', np.float64(12.227190752920096)), ('f3', np.float64(3.4823775806524915)), ('f7', np.float64(0.4444204723282707)), ('f5', np.float64(0.10322393665081628)), ('f2', np.float64(0.10162277214372128)), ('f9', np.float64(0.05467951315698577))]",,clip,robust,pca,,0.09321150003233925,0.06279209995409474,0.09038419998250902,0.05763190001016483,0.3262560000293888,0.7666237666237666,catb_fast,0.001283500052522868,0.009730399993713945,0.004514400032348931,
jubatus,catb_fast,forward,10,,,0.44642857142857145,0.41950113378684806,"{'0': {'precision': 0.5063291139240507, 'recall': 0.6349206349206349, 'f1-score': 0.5633802816901409, 'support': 63.0}, '1': {'precision': 0.30303030303030304, 'recall': 0.20408163265306123, 'f1-score': 0.24390243902439024, 'support': 49.0}, 'accuracy': 0.44642857142857145, 'macro avg': {'precision': 0.4046797084771768, 'recall': 0.41950113378684806, 'f1-score': 0.40364136035726556, 'support': 112.0}, 'weighted avg': {'precision': 0.41738588415803607, 'recall': 0.44642857142857145, 'f1-score': 0.42360872552387496, 'support': 112.0}}","['f0', 'f2', 'f7', 'f4', 'f5', 'f6', 'f8', 'f1', 'f3', 'f9']","[('f0', np.float64(43.965088122619335)), ('f2', np.float64(26.234883970466274)), ('f7', np.float64(16.771393098981402)), ('f4', np.float64(8.234919364815221)), ('f5', np.float64(4.485161749602814)), ('f6', np.float64(2.691115712155747)), ('f8', np.float64(1.4827609441123164)), ('f1', np.float64(0.466574711023802)), ('f3', np.float64(0.1685716921024625)), ('f9', np.float64(0.03825083732529632))]",,clip,robust,pca,,0.10281660000327975,0.061500900017563254,0.08998859999701381,0.05288450000807643,0.3322658999823034,0.41950113378684806,catb_fast,0.0013649999746121466,0.011000500002410263,0.005718600004911423,
lowlandtapir,catb_fast,forward,10,,,0.4537037037037037,0.46222527472527475,"{'0': {'precision': 0.4482758620689655, 'recall': 0.23214285714285715, 'f1-score': 0.3058823529411765, 'support': 56.0}, '1': {'precision': 0.45569620253164556, 'recall': 0.6923076923076923, 'f1-score': 0.549618320610687, 'support': 52.0}, 'accuracy': 0.4537037037037037, 'macro avg': {'precision': 0.45198603230030554, 'recall': 0.46222527472527475, 'f1-score': 0.42775033677593177, 'support': 108.0}, 'weighted avg': {'precision': 0.4518486185880337, 'recall': 0.4537037037037037, 'f1-score': 0.42323670774501493, 'support': 108.0}}","['f0', 'f3', 'f2', 'f1', 'f5', 'f9', 'f8', 'f6', 'f4', 'f7']","[('f0', np.float64(38.53908790553471)), ('f3', np.float64(18.02578341282969)), ('f2', np.float64(18.424210309873075)), ('f1', np.float64(7.866834995149119)), ('f5', np.float64(1.215871016565258)), ('f9', np.float64(0.69463817955773)), ('f8', np.float64(0.4647343802041543)), ('f6', np.float64(0.46075095619581624)), ('f4', np.float64(0.18240446325057708)), ('f7', np.float64(0.1817274450546169))]",,clip,robust,pca,,0.075785499997437,0.023155400005634874,0.09023710002657026,0.04475160001311451,0.2634268999681808,0.46222527472527475,catb_fast,0.001782999956049025,0.01605460001155734,0.004085500026121736,
mountain_lion,catb_fast,forward,10,,,0.8627450980392157,0.8321428571428571,"{'0': {'precision': 0.8888888888888888, 'recall': 0.9142857142857143, 'f1-score': 0.9014084507042254, 'support': 70.0}, '1': {'precision': 0.8, 'recall': 0.75, 'f1-score': 0.7741935483870968, 'support': 32.0}, 'accuracy': 0.8627450980392157, 'macro avg': {'precision': 0.8444444444444444, 'recall': 0.8321428571428571, 'f1-score': 0.837800999545661, 'support': 102.0}, 'weighted avg': {'precision': 0.8610021786492374, 'recall': 0.8627450980392157, 'f1-score': 0.8614978931145381, 'support': 102.0}}","['f0', 'f1', 'f2', 'f8', 'f4', 'f9', 'f3', 'f6', 'f5', 'f7']","[('f0', np.float64(234.99991566032486)), ('f1', np.float64(183.7868351657453)), ('f2', np.float64(84.59043319708385)), ('f8', np.float64(26.38163945629056)), ('f4', np.float64(23.458681018718107)), ('f9', np.float64(23.906396874191355)), ('f3', np.float64(17.8782677078046)), ('f6', np.float64(16.57692574169245)), ('f5', np.float64(0.3654788571495684)), ('f7', np.float64(0.35585195409263765))]",,clip,robust,pca,,0.09009040001546964,0.06708770000841469,0.09508270001970232,0.05607869999948889,0.33213519997661933,0.8321428571428571,catb_fast,0.0014581999857909977,0.010608799988403916,0.0058441999717615545,
white_rhino,catb_fast,forward,10,,,0.464,0.45949835526315785,"{'0': {'precision': 0.3048128342245989, 'recall': 0.4453125, 'f1-score': 0.3619047619047619, 'support': 128.0}, '1': {'precision': 0.6223404255319149, 'recall': 0.47368421052631576, 'f1-score': 0.5379310344827586, 'support': 247.0}, 'accuracy': 0.464, 'macro avg': {'precision': 0.46357662987825693, 'recall': 0.45949835526315785, 'f1-score': 0.44991789819376027, 'support': 375.0}, 'weighted avg': {'precision': 0.5139576743656844, 'recall': 0.464, 'f1-score': 0.4778474001094691, 'support': 375.0}}","['f9', 'f8', 'f4', 'f2', 'f5', 'f3', 'f6', 'f7', 'f1', 'f0']","[('f9', np.float64(33.498537961335494)), ('f8', np.float64(23.262000951311954)), ('f4', np.float64(16.053411537115426)), ('f2', np.float64(9.126442799785734)), ('f5', np.float64(7.386391673447093)), ('f3', np.float64(3.272223189216884)), ('f6', np.float64(2.175340498968873)), ('f7', np.float64(1.2598925447057465)), ('f1', np.float64(0.21990372080299145)), ('f0', np.float64(0.06190339061053142))]",,clip,robust,pca,,0.12063030002173036,0.24339509999845177,0.09839699999429286,0.10324119997676462,0.5893301999894902,0.45949835526315785,catb_fast,0.0020735000143758953,0.011254500015638769,0.003945100004784763,
