true,pred
f,1
f,0
f,1
m,1
m,1
m,0
m,1
m,1
m,1
m,1
f,0
f,1
f,0
f,0
f,1
f,0
f,0
f,0
f,1
f,0
f,1
f,0
f,0
f,0
f,0
f,0
f,1
f,1
f,1
m,1
m,1
m,1
m,1
m,1
m,1
m,1
f,1
f,1
f,1
f,1
f,0
f,0
f,1
f,0
f,1
f,0
f,0
f,0
f,0
f,0
f,0
f,0
f,0
f,0
f,0
f,0
f,0
f,0
f,0
f,0
f,0
f,1
f,0
f,1
f,0
f,0
f,1
f,0
f,1
f,0
f,1
f,0
f,0
f,1
f,0
m,1
m,1
m,0
m,1
m,0
m,1
m,1
m,1
m,1
m,1
m,1
m,1
m,1
m,1
m,1
m,1
m,1
m,1
m,1
m,1
m,1
m,1
m,1
m,0
m,1
m,1
m,1
m,1
m,1
m,1
m,1
m,1
m,0
m,1
m,1
m,1
m,0
f,0
f,0
f,0
f,0
f,0
f,1
f,1
f,0
f,0
f,0
f,0
f,0
f,0
f,0
f,0
f,0
f,0
f,0
f,0
f,0
f,0
f,0
f,0
f,0
f,0
m,1
m,1
m,1
m,1
m,1
m,1
m,1
m,1
m,0
m,1
m,1
m,1
m,1
m,1
m,0
