mean_test_accuracy,mean_test_balanced_accuracy,mean_test_neg_log_loss,select__method,select__k,scale__method,reduce_pre__whiten,reduce_pre__n_neighbors,reduce_pre__n_components,reduce_pre__min_dist,reduce_pre__method,reduce_post__whiten,reduce_post__n_neighbors,reduce_post__n_components,reduce_post__min_dist,reduce_post__method,outlier__method,clf,female_train_acc,male_train_acc,balanced_train_acc,female_test_acc,male_test_acc,balanced_test_acc,female_full_acc,male_full_acc,balanced_full_acc,maj_train_count,maj_train_wrong,maj_train_pct,maj_test_count,maj_test_wrong,maj_test_pct,maj_full_count,maj_full_wrong,maj_full_pct
0.9058050645007167,0.9073569023569025,-0.6092270285285692,univariate,3,robust,False,30,2,0.1,pca,False,15,5,0.1,,zscore,"ExtraTreesClassifier(n_estimators=200, n_jobs=-1)",1.0,1.0,1.0,0.9345238095238095,0.9067251461988304,0.92062447786132,0.9886128364389234,0.9777917014759121,0.9832022689574178,35,0,1.0,9,0,1.0,44,0,1.0
0.9123029144768274,0.9091568841568842,-0.3061473332189996,lasso,20,,False,30,5,0.0,pca,True,5,2,0.5,pca,zscore,"XGBClassifier(base_score=None, booster=None, callbacks=None,
              colsample_bylevel=None, colsample_bynode=None,
              colsample_bytree=None, device=None, early_stopping_rounds=None,
              enable_categorical=False, eval_metric=None, feature_types=None,
              feature_weights=None, gamma=None, grow_policy=None,
              importance_type=None, interaction_constraints=None,
              learning_rate=None, max_bin=None, max_cat_threshold=None,
              max_cat_to_onehot=None, max_delta_step=None, max_depth=None,
              max_leaves=None, min_child_weight=None, missing=nan,
              monotone_constraints=None, multi_strategy=None, n_estimators=100,
              n_jobs=None, num_parallel_tree=None, ...)",1.0,1.0,1.0,0.9166666666666666,0.9206140350877193,0.918640350877193,0.9855072463768116,0.9810985797827902,0.983302913079801,35,0,1.0,9,0,1.0,44,0,1.0
0.897013855709508,0.8992410592410593,-0.4584596527847179,univariate,5,robust,True,15,2,0.5,,False,5,10,0.5,umap,clip,"LGBMClassifier(max_depth=10, verbose=-1)",1.0,1.0,1.0,0.9553571428571428,0.9323099415204679,0.9438335421888053,0.9922360248447205,0.983883319409635,0.9880596721271777,35,0,1.0,9,0,1.0,44,0,1.0
0.8728141423793598,0.870954135954136,-0.5078923720044045,random_forest,2,standard,True,5,10,0.0,umap,True,15,5,0.5,pca,zscore,LGBMClassifier(verbose=-1),0.993421052631579,1.0,0.9967105263157895,0.9017857142857143,0.8573099415204679,0.879547827903091,0.9774844720496895,0.9660261765524922,0.9717553243010908,35,0,1.0,8,1,0.8888888888888888,43,1,0.9772727272727273
0.9167462971810799,0.9165565565565565,-0.29199259145860984,random_forest,50,standard,True,5,10,0.0,umap,False,30,5,0.5,,clip,"XGBClassifier(base_score=None, booster=None, callbacks=None,
              colsample_bylevel=None, colsample_bynode=None,
              colsample_bytree=None, device=None, early_stopping_rounds=None,
              enable_categorical=False, eval_metric=None, feature_types=None,
              feature_weights=None, gamma=None, grow_policy=None,
              importance_type=None, interaction_constraints=None,
              learning_rate=None, max_bin=None, max_cat_threshold=None,
              max_cat_to_onehot=None, max_delta_step=None, max_depth=None,
              max_leaves=None, min_child_weight=None, missing=nan,
              monotone_constraints=None, multi_strategy=None, n_estimators=100,
              n_jobs=None, num_parallel_tree=None, ...)",1.0,1.0,1.0,0.9553571428571428,0.9777777777777779,0.9665674603174603,0.9922360248447205,0.9947089947089948,0.9934725097768576,35,0,1.0,9,0,1.0,44,0,1.0
0.9101767797419971,0.9083474383474384,-0.8902002164837505,forward,2,,True,30,10,0.5,,True,5,5,0.1,umap,clip,"RandomForestClassifier(max_depth=15, n_estimators=50, n_jobs=-1)",1.0,1.0,1.0,0.9553571428571428,0.9555555555555555,0.9554563492063491,0.9922360248447205,0.9894179894179894,0.990827007131355,35,0,1.0,9,0,1.0,44,0,1.0
0.9167462971810799,0.9165565565565565,-0.29199259145860984,random_forest,50,standard,True,5,2,0.0,umap,True,30,2,0.5,,clip,"XGBClassifier(base_score=None, booster=None, callbacks=None,
              colsample_bylevel=None, colsample_bynode=None,
              colsample_bytree=None, device=None, early_stopping_rounds=None,
              enable_categorical=False, eval_metric=None, feature_types=None,
              feature_weights=None, gamma=None, grow_policy=None,
              importance_type=None, interaction_constraints=None,
              learning_rate=None, max_bin=None, max_cat_threshold=None,
              max_cat_to_onehot=None, max_delta_step=None, max_depth=None,
              max_leaves=None, min_child_weight=None, missing=nan,
              monotone_constraints=None, multi_strategy=None, n_estimators=100,
              n_jobs=None, num_parallel_tree=None, ...)",1.0,1.0,1.0,0.9553571428571428,0.9777777777777779,0.9665674603174603,0.9922360248447205,0.9947089947089948,0.9934725097768576,35,0,1.0,9,0,1.0,44,0,1.0
0.9079789775441949,0.9095427245427246,-0.2241091436068879,,10,,True,15,2,0.5,,True,5,2,0.0,umap,,<catboost.core.CatBoostClassifier object at 0x000002819ADB8810>,0.9893673577884105,0.9815972222222222,0.9854822900053164,0.9553571428571428,0.935672514619883,0.9455148287385129,0.983452537800364,0.970662768031189,0.9770576529157765,35,0,1.0,9,0,1.0,44,0,1.0
0.918920210224558,0.9156461006461006,-1.1455305793688966,random_forest,20,,True,5,5,0.5,,False,30,2,0.5,,clip,KNeighborsClassifier(n_neighbors=7),0.9778613199665831,0.907791514041514,0.9428264170040486,0.9761904761904762,0.8767543859649123,0.9264724310776942,0.9775707384403036,0.9004017216423231,0.9389862300413134,34,1,0.9714285714285714,9,0,1.0,43,1,0.9772727272727273
0.9211180124223602,0.9193420693420695,-1.3771213581115347,random_forest,5,robust,False,30,2,0.5,pca,False,30,10,0.1,pca,,KNeighborsClassifier(n_neighbors=7),0.9536340852130326,0.9210393772893773,0.937336731251205,0.9553571428571428,0.8995614035087719,0.9274592731829574,0.9539337474120084,0.9159255740082808,0.9349296607101446,34,1,0.9714285714285714,9,0,1.0,43,1,0.9772727272727273
