mean_test_accuracy,mean_test_balanced_accuracy,mean_test_neg_log_loss,select__method,select__k,scale__method,reduce_pre__whiten,reduce_pre__n_neighbors,reduce_pre__n_components,reduce_pre__min_dist,reduce_pre__method,reduce_post__whiten,reduce_post__n_neighbors,reduce_post__n_components,reduce_post__min_dist,reduce_post__method,outlier__method,clf,female_train_acc,male_train_acc,balanced_train_acc,female_test_acc,male_test_acc,balanced_test_acc,female_full_acc,male_full_acc,balanced_full_acc,maj_train_count,maj_train_wrong,maj_train_pct,maj_test_count,maj_test_wrong,maj_test_pct,maj_full_count,maj_full_wrong,maj_full_pct,best_metric
0.741552511415525,0.7378416629809819,-0.9545710035491055,univariate,3,robust,False,30,2,0.1,pca,False,15,5,0.1,,zscore,"ExtraTreesClassifier(n_estimators=200, n_jobs=-1)",1.0,1.0,1.0,0.5652661971035042,0.6780303030303031,0.6216482500669036,0.8814362355736832,0.9517045454545455,0.9165703905141144,33,0,1.0,6,3,0.6666666666666666,39,3,0.9285714285714286,maj_test_pct
0.7471080669710807,0.7442591773551526,-0.7720953646306015,random_forest,50,standard,True,5,10,0.0,umap,False,30,5,0.5,,clip,"XGBClassifier(base_score=None, booster=None, callbacks=None,
              colsample_bylevel=None, colsample_bynode=None,
              colsample_bytree=None, device=None, early_stopping_rounds=None,
              enable_categorical=False, eval_metric=None, feature_types=None,
              feature_weights=None, gamma=None, grow_policy=None,
              importance_type=None, interaction_constraints=None,
              learning_rate=None, max_bin=None, max_cat_threshold=None,
              max_cat_to_onehot=None, max_delta_step=None, max_depth=None,
              max_leaves=None, min_child_weight=None, missing=nan,
              monotone_constraints=None, multi_strategy=None, n_estimators=100,
              n_jobs=None, num_parallel_tree=None, ...)",1.0,1.0,1.0,0.6098779084403207,0.7929292929292929,0.7014036006848068,0.8936030659382694,0.968939393939394,0.9312712299388317,33,0,1.0,5,4,0.5555555555555556,38,4,0.9047619047619048,balanced_full_acc
