species,model_key,mean_cv_accuracy,std_cv_accuracy,mean_cv_balanced_accuracy,std_cv_balanced_accuracy,mean_cv_neg_log_loss,std_cv_neg_log_loss,mean_cv_f1,std_cv_f1,mean_cv_precision,std_cv_precision,mean_cv_recall,std_cv_recall,mean_cv_roc_auc,std_cv_roc_auc,clf,clf__n_components,outlier,reduce_post__method,reduce_pre__method,reduce_pre__n_components,scale,select__k,select__method,accuracy_train,balanced_train_acc,accuracy_test,balanced_test_acc,f1_test,precision_test,recall_test,roc_auc_test,female_train_acc,male_train_acc,female_test_acc,male_test_acc,female_full_acc,male_full_acc,balanced_full_acc,maj_train_count,maj_train_wrong,maj_train_pct,maj_test_count,maj_test_wrong,maj_test_pct,maj_full_count,maj_full_wrong,maj_full_pct,pipeline_id,best_metric,clf__colsample_bytree,clf__gamma,clf__learning_rate,clf__max_depth,clf__min_child_weight,clf__n_estimators,clf__reg_alpha,clf__reg_lambda,clf__subsample
white_rhino,lda_svd,0.4845237755015458,0.14602486040798013,0.5426621506905741,0.11940068898154725,-1.1921062242401237,0.40542689181370123,0.4362761798961133,0.16948186764904263,0.5248100444828542,0.22376209833187388,0.4824236690039913,0.2188100374386628,0.5835476795705433,0.12536614910735955,LinearDiscriminantAnalysis(n_components=1),1.0,OutlierCleanerTransformer(),,,8,,24,forward,0.7916270218839201,0.7916497675159697,0.32882882882882886,0.3298565840938722,0.3257918552036199,0.3076923076923077,0.34615384615384615,0.2714308996088657,0.7592441544901203,0.7654116292614594,0.34708994708994706,0.5359720515970516,0.661112200347222,0.7195237137285778,0.6903179570378999,29,3,0.90625,3,6,0.3333333333333333,32,9,0.7804878048780488,outlier=OutlierCleanerTransformer();scale=None;reduce_pre__method=None;reduce_pre__n_components=8;select__method=forward;select__k=24;reduce_post__method=None;clf=LinearDiscriminantAnalysis(n_components=1),accuracy,,,,,,,,,
white_rhino,lda_svd,0.4845237755015458,0.14602486040798013,0.5426621506905741,0.11940068898154725,-1.1921062242401237,0.40542689181370123,0.4362761798961133,0.16948186764904263,0.5248100444828542,0.22376209833187388,0.4824236690039913,0.2188100374386628,0.5835476795705433,0.12536614910735955,LinearDiscriminantAnalysis(n_components=1),1.0,OutlierCleanerTransformer(),,,8,,24,forward,0.7916270218839201,0.7916497675159697,0.32882882882882886,0.3298565840938722,0.3257918552036199,0.3076923076923077,0.34615384615384615,0.2714308996088657,0.7592441544901203,0.7654116292614594,0.34708994708994706,0.5359720515970516,0.661112200347222,0.7195237137285778,0.6903179570378999,29,3,0.90625,3,6,0.3333333333333333,32,9,0.7804878048780488,outlier=OutlierCleanerTransformer();scale=None;reduce_pre__method=None;reduce_pre__n_components=8;select__method=forward;select__k=24;reduce_post__method=None;clf=LinearDiscriminantAnalysis(n_components=1),balanced_accuracy,,,,,,,,,
white_rhino,lda_svd,0.4845237755015458,0.14602486040798013,0.5426621506905741,0.11940068898154725,-1.1921062242401526,0.40542689181368247,0.4362761798961133,0.16948186764904263,0.5248100444828542,0.22376209833187388,0.4824236690039913,0.2188100374386628,0.5835476795705433,0.12536614910735955,LinearDiscriminantAnalysis(n_components=1),1.0,OutlierCleanerTransformer(),,,12,FeatureScalerTransformer(),24,forward,0.7916270218839201,0.7916497675159697,0.32882882882882886,0.3298565840938722,0.3257918552036199,0.3076923076923077,0.34615384615384615,0.2714308996088657,0.7592441544901203,0.7654116292614594,0.34708994708994706,0.5359720515970516,0.661112200347222,0.7195237137285778,0.6903179570378999,29,3,0.90625,3,6,0.3333333333333333,32,9,0.7804878048780488,outlier=OutlierCleanerTransformer();scale=FeatureScalerTransformer();reduce_pre__method=None;reduce_pre__n_components=12;select__method=forward;select__k=24;reduce_post__method=None;clf=LinearDiscriminantAnalysis(n_components=1),neg_log_loss,,,,,,,,,
white_rhino,lda_svd,0.4845237755015458,0.14602486040798013,0.5426621506905741,0.11940068898154725,-1.1921062242401237,0.40542689181370123,0.4362761798961133,0.16948186764904263,0.5248100444828542,0.22376209833187388,0.4824236690039913,0.2188100374386628,0.5835476795705433,0.12536614910735955,LinearDiscriminantAnalysis(n_components=1),1.0,OutlierCleanerTransformer(),,,8,,24,forward,0.7916270218839201,0.7916497675159697,0.32882882882882886,0.3298565840938722,0.3257918552036199,0.3076923076923077,0.34615384615384615,0.2714308996088657,0.7592441544901203,0.7654116292614594,0.34708994708994706,0.5359720515970516,0.661112200347222,0.7195237137285778,0.6903179570378999,29,3,0.90625,3,6,0.3333333333333333,32,9,0.7804878048780488,outlier=OutlierCleanerTransformer();scale=None;reduce_pre__method=None;reduce_pre__n_components=8;select__method=forward;select__k=24;reduce_post__method=None;clf=LinearDiscriminantAnalysis(n_components=1),f1,,,,,,,,,
white_rhino,lda_svd,0.4845237755015458,0.14602486040798013,0.5426621506905741,0.11940068898154725,-1.1921062242401237,0.40542689181370123,0.4362761798961133,0.16948186764904263,0.5248100444828542,0.22376209833187388,0.4824236690039913,0.2188100374386628,0.5835476795705433,0.12536614910735955,LinearDiscriminantAnalysis(n_components=1),1.0,OutlierCleanerTransformer(),,,8,,24,forward,0.7916270218839201,0.7916497675159697,0.32882882882882886,0.3298565840938722,0.3257918552036199,0.3076923076923077,0.34615384615384615,0.2714308996088657,0.7592441544901203,0.7654116292614594,0.34708994708994706,0.5359720515970516,0.661112200347222,0.7195237137285778,0.6903179570378999,29,3,0.90625,3,6,0.3333333333333333,32,9,0.7804878048780488,outlier=OutlierCleanerTransformer();scale=None;reduce_pre__method=None;reduce_pre__n_components=8;select__method=forward;select__k=24;reduce_post__method=None;clf=LinearDiscriminantAnalysis(n_components=1),precision,,,,,,,,,
white_rhino,lda_svd,0.4845237755015458,0.14602486040798013,0.5426621506905741,0.11940068898154725,-1.1921062242401237,0.40542689181370123,0.4362761798961133,0.16948186764904263,0.5248100444828542,0.22376209833187388,0.4824236690039913,0.2188100374386628,0.5835476795705433,0.12536614910735955,LinearDiscriminantAnalysis(n_components=1),1.0,OutlierCleanerTransformer(),,,8,,24,forward,0.7916270218839201,0.7916497675159697,0.32882882882882886,0.3298565840938722,0.3257918552036199,0.3076923076923077,0.34615384615384615,0.2714308996088657,0.7592441544901203,0.7654116292614594,0.34708994708994706,0.5359720515970516,0.661112200347222,0.7195237137285778,0.6903179570378999,29,3,0.90625,3,6,0.3333333333333333,32,9,0.7804878048780488,outlier=OutlierCleanerTransformer();scale=None;reduce_pre__method=None;reduce_pre__n_components=8;select__method=forward;select__k=24;reduce_post__method=None;clf=LinearDiscriminantAnalysis(n_components=1),recall,,,,,,,,,
white_rhino,lda_svd,0.4845237755015458,0.14602486040798013,0.5426621506905741,0.11940068898154725,-1.1921062242401237,0.40542689181370123,0.4362761798961133,0.16948186764904263,0.5248100444828542,0.22376209833187388,0.4824236690039913,0.2188100374386628,0.5835476795705433,0.12536614910735955,LinearDiscriminantAnalysis(n_components=1),1.0,OutlierCleanerTransformer(),,,8,,24,forward,0.7916270218839201,0.7916497675159697,0.32882882882882886,0.3298565840938722,0.3257918552036199,0.3076923076923077,0.34615384615384615,0.2714308996088657,0.7592441544901203,0.7654116292614594,0.34708994708994706,0.5359720515970516,0.661112200347222,0.7195237137285778,0.6903179570378999,29,3,0.90625,3,6,0.3333333333333333,32,9,0.7804878048780488,outlier=OutlierCleanerTransformer();scale=None;reduce_pre__method=None;reduce_pre__n_components=8;select__method=forward;select__k=24;reduce_post__method=None;clf=LinearDiscriminantAnalysis(n_components=1),roc_auc,,,,,,,,,
white_rhino,xgb_std,0.46015864092191466,0.14530497702781042,0.5595283951810163,0.1280977827016554,-0.8755262965072481,0.12516566231125958,0.43142183687187313,0.16042266568426755,0.5278495148539792,0.2205558306922962,0.5509817814829221,0.3208629902693879,0.604531991615143,0.14254477910464017,"XGBClassifier(base_score=None, booster=None, callbacks=None,
              colsample_bylevel=None, colsample_bynode=None,
              colsample_bytree=1.0, device=None, early_stopping_rounds=None,
              enable_categorical=False, eval_metric=None, feature_types=None,
              feature_weights=None, gamma=1, grow_policy=None,
              importance_type=None, interaction_constraints=None,
              learning_rate=0.1, max_bin=None, max_cat_threshold=None,
              max_cat_to_onehot=None, max_delta_step=None, max_depth=6,
              max_leaves=None, min_child_weight=5, missing=nan,
              monotone_constraints=None, multi_strategy=None, n_estimators=200,
              n_jobs=None, num_parallel_tree=None, ...)",,,,pca,12,,2,random_forest,0.8068506184586108,0.806954966177557,0.46396396396396394,0.47522816166883963,0.5333333333333333,0.4503311258278146,0.6538461538461539,0.47783572359843546,0.7845610873450286,0.7963002566329179,0.30428571428571427,0.7516891891891893,0.6702098080451918,0.7873780431441721,0.728793925594682,27,5,0.84375,4,5,0.4444444444444444,31,10,0.7560975609756098,"outlier=None;scale=None;reduce_pre__method=pca;reduce_pre__n_components=12;select__method=random_forest;select__k=2;reduce_post__method=None;clf=XGBClassifier(base_score=None, booster=None, callbacks=None,
              colsample_bylevel=None, colsample_bynode=None,
              colsample_bytree=1.0, device=None, early_stopping_rounds=None,
              enable_categorical=False, eval_metric=None, feature_types=None,
              feature_weights=None, gamma=1, grow_policy=None,
              importance_type=None, interaction_constraints=None,
              learning_rate=0.1, max_bin=None, max_cat_threshold=None,
              max_cat_to_onehot=None, max_delta_step=None, max_depth=6,
              max_leaves=None, min_child_weight=5, missing=nan,
              monotone_constraints=None, multi_strategy=None, n_estimators=200,
              n_jobs=None, num_parallel_tree=None, ...)",accuracy,1.0,1.0,0.1,6.0,5.0,200.0,1.0,4.0,0.7
white_rhino,xgb_std,0.46015864092191466,0.14530497702781042,0.5595283951810163,0.1280977827016554,-0.8755262965072481,0.12516566231125958,0.43142183687187313,0.16042266568426755,0.5278495148539792,0.2205558306922962,0.5509817814829221,0.3208629902693879,0.604531991615143,0.14254477910464017,"XGBClassifier(base_score=None, booster=None, callbacks=None,
              colsample_bylevel=None, colsample_bynode=None,
              colsample_bytree=1.0, device=None, early_stopping_rounds=None,
              enable_categorical=False, eval_metric=None, feature_types=None,
              feature_weights=None, gamma=1, grow_policy=None,
              importance_type=None, interaction_constraints=None,
              learning_rate=0.1, max_bin=None, max_cat_threshold=None,
              max_cat_to_onehot=None, max_delta_step=None, max_depth=6,
              max_leaves=None, min_child_weight=5, missing=nan,
              monotone_constraints=None, multi_strategy=None, n_estimators=200,
              n_jobs=None, num_parallel_tree=None, ...)",,,,pca,12,,2,random_forest,0.8068506184586108,0.806954966177557,0.46396396396396394,0.47522816166883963,0.5333333333333333,0.4503311258278146,0.6538461538461539,0.47783572359843546,0.7845610873450286,0.7963002566329179,0.30428571428571427,0.7516891891891893,0.6702098080451918,0.7873780431441721,0.728793925594682,27,5,0.84375,4,5,0.4444444444444444,31,10,0.7560975609756098,"outlier=None;scale=None;reduce_pre__method=pca;reduce_pre__n_components=12;select__method=random_forest;select__k=2;reduce_post__method=None;clf=XGBClassifier(base_score=None, booster=None, callbacks=None,
              colsample_bylevel=None, colsample_bynode=None,
              colsample_bytree=1.0, device=None, early_stopping_rounds=None,
              enable_categorical=False, eval_metric=None, feature_types=None,
              feature_weights=None, gamma=1, grow_policy=None,
              importance_type=None, interaction_constraints=None,
              learning_rate=0.1, max_bin=None, max_cat_threshold=None,
              max_cat_to_onehot=None, max_delta_step=None, max_depth=6,
              max_leaves=None, min_child_weight=5, missing=nan,
              monotone_constraints=None, multi_strategy=None, n_estimators=200,
              n_jobs=None, num_parallel_tree=None, ...)",balanced_accuracy,1.0,1.0,0.1,6.0,5.0,200.0,1.0,4.0,0.7
white_rhino,xgb_std,0.4373073032318673,0.14022989276743986,0.4916935712058275,0.14417479237113348,-1.1274896013609932,0.3148578588958521,0.330457024639828,0.1961638811678683,0.47346397804655516,0.27584573332275014,0.35186477858491993,0.2599874378237086,0.5468646295816775,0.2126271795286409,"XGBClassifier(base_score=None, booster=None, callbacks=None,
              colsample_bylevel=None, colsample_bynode=None,
              colsample_bytree=1.0, device=None, early_stopping_rounds=None,
              enable_categorical=False, eval_metric=None, feature_types=None,
              feature_weights=None, gamma=1, grow_policy=None,
              importance_type=None, interaction_constraints=None,
              learning_rate=0.1, max_bin=None, max_cat_threshold=None,
              max_cat_to_onehot=None, max_delta_step=None, max_depth=6,
              max_leaves=None, min_child_weight=5, missing=nan,
              monotone_constraints=None, multi_strategy=None, n_estimators=200,
              n_jobs=None, num_parallel_tree=None, ...)",,OutlierCleanerTransformer(),,,5,FeatureScalerTransformer(),23,random_forest,0.9410085632730733,0.9410569694511639,0.3333333333333333,0.3340938722294654,0.32727272727272727,0.3103448275862069,0.34615384615384615,0.2856910039113429,0.9437056295888452,0.9099650701936708,0.38074074074074077,0.457923832923833,0.8096663703392964,0.8195568227397032,0.8146115965394998,32,0,1.0,4,5,0.4444444444444444,36,5,0.8780487804878049,"outlier=OutlierCleanerTransformer();scale=FeatureScalerTransformer();reduce_pre__method=None;reduce_pre__n_components=5;select__method=random_forest;select__k=23;reduce_post__method=None;clf=XGBClassifier(base_score=None, booster=None, callbacks=None,
              colsample_bylevel=None, colsample_bynode=None,
              colsample_bytree=0.8, device=None, early_stopping_rounds=None,
              enable_categorical=False, eval_metric=None, feature_types=None,
              feature_weights=None, gamma=5, grow_policy=None,
              importance_type=None, interaction_constraints=None,
              learning_rate=0.1, max_bin=None, max_cat_threshold=None,
              max_cat_to_onehot=None, max_delta_step=None, max_depth=4,
              max_leaves=None, min_child_weight=5, missing=nan,
              monotone_constraints=None, multi_strategy=None, n_estimators=300,
              n_jobs=None, num_parallel_tree=None, ...)",neg_log_loss,0.8,5.0,0.1,4.0,5.0,300.0,1.0,1.0,0.9
white_rhino,xgb_std,0.46015864092191466,0.14530497702781042,0.5595283951810163,0.1280977827016554,-0.8755262965072481,0.12516566231125958,0.43142183687187313,0.16042266568426755,0.5278495148539792,0.2205558306922962,0.5509817814829221,0.3208629902693879,0.604531991615143,0.14254477910464017,"XGBClassifier(base_score=None, booster=None, callbacks=None,
              colsample_bylevel=None, colsample_bynode=None,
              colsample_bytree=1.0, device=None, early_stopping_rounds=None,
              enable_categorical=False, eval_metric=None, feature_types=None,
              feature_weights=None, gamma=1, grow_policy=None,
              importance_type=None, interaction_constraints=None,
              learning_rate=0.1, max_bin=None, max_cat_threshold=None,
              max_cat_to_onehot=None, max_delta_step=None, max_depth=6,
              max_leaves=None, min_child_weight=5, missing=nan,
              monotone_constraints=None, multi_strategy=None, n_estimators=200,
              n_jobs=None, num_parallel_tree=None, ...)",,,,pca,12,,2,random_forest,0.8068506184586108,0.806954966177557,0.46396396396396394,0.47522816166883963,0.5333333333333333,0.4503311258278146,0.6538461538461539,0.47783572359843546,0.7845610873450286,0.7963002566329179,0.30428571428571427,0.7516891891891893,0.6702098080451918,0.7873780431441721,0.728793925594682,27,5,0.84375,4,5,0.4444444444444444,31,10,0.7560975609756098,"outlier=None;scale=None;reduce_pre__method=pca;reduce_pre__n_components=12;select__method=random_forest;select__k=2;reduce_post__method=None;clf=XGBClassifier(base_score=None, booster=None, callbacks=None,
              colsample_bylevel=None, colsample_bynode=None,
              colsample_bytree=1.0, device=None, early_stopping_rounds=None,
              enable_categorical=False, eval_metric=None, feature_types=None,
              feature_weights=None, gamma=1, grow_policy=None,
              importance_type=None, interaction_constraints=None,
              learning_rate=0.1, max_bin=None, max_cat_threshold=None,
              max_cat_to_onehot=None, max_delta_step=None, max_depth=6,
              max_leaves=None, min_child_weight=5, missing=nan,
              monotone_constraints=None, multi_strategy=None, n_estimators=200,
              n_jobs=None, num_parallel_tree=None, ...)",f1,1.0,1.0,0.1,6.0,5.0,200.0,1.0,4.0,0.7
white_rhino,xgb_std,0.46015864092191466,0.14530497702781042,0.5595283951810163,0.1280977827016554,-0.8755262965072481,0.12516566231125958,0.43142183687187313,0.16042266568426755,0.5278495148539792,0.2205558306922962,0.5509817814829221,0.3208629902693879,0.604531991615143,0.14254477910464017,"XGBClassifier(base_score=None, booster=None, callbacks=None,
              colsample_bylevel=None, colsample_bynode=None,
              colsample_bytree=1.0, device=None, early_stopping_rounds=None,
              enable_categorical=False, eval_metric=None, feature_types=None,
              feature_weights=None, gamma=1, grow_policy=None,
              importance_type=None, interaction_constraints=None,
              learning_rate=0.1, max_bin=None, max_cat_threshold=None,
              max_cat_to_onehot=None, max_delta_step=None, max_depth=6,
              max_leaves=None, min_child_weight=5, missing=nan,
              monotone_constraints=None, multi_strategy=None, n_estimators=200,
              n_jobs=None, num_parallel_tree=None, ...)",,,,pca,12,,2,random_forest,0.8068506184586108,0.806954966177557,0.46396396396396394,0.47522816166883963,0.5333333333333333,0.4503311258278146,0.6538461538461539,0.47783572359843546,0.7845610873450286,0.7963002566329179,0.30428571428571427,0.7516891891891893,0.6702098080451918,0.7873780431441721,0.728793925594682,27,5,0.84375,4,5,0.4444444444444444,31,10,0.7560975609756098,"outlier=None;scale=None;reduce_pre__method=pca;reduce_pre__n_components=12;select__method=random_forest;select__k=2;reduce_post__method=None;clf=XGBClassifier(base_score=None, booster=None, callbacks=None,
              colsample_bylevel=None, colsample_bynode=None,
              colsample_bytree=1.0, device=None, early_stopping_rounds=None,
              enable_categorical=False, eval_metric=None, feature_types=None,
              feature_weights=None, gamma=1, grow_policy=None,
              importance_type=None, interaction_constraints=None,
              learning_rate=0.1, max_bin=None, max_cat_threshold=None,
              max_cat_to_onehot=None, max_delta_step=None, max_depth=6,
              max_leaves=None, min_child_weight=5, missing=nan,
              monotone_constraints=None, multi_strategy=None, n_estimators=200,
              n_jobs=None, num_parallel_tree=None, ...)",precision,1.0,1.0,0.1,6.0,5.0,200.0,1.0,4.0,0.7
white_rhino,xgb_std,0.46015864092191466,0.14530497702781042,0.5595283951810163,0.1280977827016554,-0.8755262965072481,0.12516566231125958,0.43142183687187313,0.16042266568426755,0.5278495148539792,0.2205558306922962,0.5509817814829221,0.3208629902693879,0.604531991615143,0.14254477910464017,"XGBClassifier(base_score=None, booster=None, callbacks=None,
              colsample_bylevel=None, colsample_bynode=None,
              colsample_bytree=1.0, device=None, early_stopping_rounds=None,
              enable_categorical=False, eval_metric=None, feature_types=None,
              feature_weights=None, gamma=1, grow_policy=None,
              importance_type=None, interaction_constraints=None,
              learning_rate=0.1, max_bin=None, max_cat_threshold=None,
              max_cat_to_onehot=None, max_delta_step=None, max_depth=6,
              max_leaves=None, min_child_weight=5, missing=nan,
              monotone_constraints=None, multi_strategy=None, n_estimators=200,
              n_jobs=None, num_parallel_tree=None, ...)",,,,pca,12,,2,random_forest,0.8068506184586108,0.806954966177557,0.46396396396396394,0.47522816166883963,0.5333333333333333,0.4503311258278146,0.6538461538461539,0.47783572359843546,0.7845610873450286,0.7963002566329179,0.30428571428571427,0.7516891891891893,0.6702098080451918,0.7873780431441721,0.728793925594682,27,5,0.84375,4,5,0.4444444444444444,31,10,0.7560975609756098,"outlier=None;scale=None;reduce_pre__method=pca;reduce_pre__n_components=12;select__method=random_forest;select__k=2;reduce_post__method=None;clf=XGBClassifier(base_score=None, booster=None, callbacks=None,
              colsample_bylevel=None, colsample_bynode=None,
              colsample_bytree=1.0, device=None, early_stopping_rounds=None,
              enable_categorical=False, eval_metric=None, feature_types=None,
              feature_weights=None, gamma=1, grow_policy=None,
              importance_type=None, interaction_constraints=None,
              learning_rate=0.1, max_bin=None, max_cat_threshold=None,
              max_cat_to_onehot=None, max_delta_step=None, max_depth=6,
              max_leaves=None, min_child_weight=5, missing=nan,
              monotone_constraints=None, multi_strategy=None, n_estimators=200,
              n_jobs=None, num_parallel_tree=None, ...)",recall,1.0,1.0,0.1,6.0,5.0,200.0,1.0,4.0,0.7
white_rhino,xgb_std,0.46015864092191466,0.14530497702781042,0.5595283951810163,0.1280977827016554,-0.8755262965072481,0.12516566231125958,0.43142183687187313,0.16042266568426755,0.5278495148539792,0.2205558306922962,0.5509817814829221,0.3208629902693879,0.604531991615143,0.14254477910464017,"XGBClassifier(base_score=None, booster=None, callbacks=None,
              colsample_bylevel=None, colsample_bynode=None,
              colsample_bytree=1.0, device=None, early_stopping_rounds=None,
              enable_categorical=False, eval_metric=None, feature_types=None,
              feature_weights=None, gamma=1, grow_policy=None,
              importance_type=None, interaction_constraints=None,
              learning_rate=0.1, max_bin=None, max_cat_threshold=None,
              max_cat_to_onehot=None, max_delta_step=None, max_depth=6,
              max_leaves=None, min_child_weight=5, missing=nan,
              monotone_constraints=None, multi_strategy=None, n_estimators=200,
              n_jobs=None, num_parallel_tree=None, ...)",,,,pca,12,,2,random_forest,0.8068506184586108,0.806954966177557,0.46396396396396394,0.47522816166883963,0.5333333333333333,0.4503311258278146,0.6538461538461539,0.47783572359843546,0.7845610873450286,0.7963002566329179,0.30428571428571427,0.7516891891891893,0.6702098080451918,0.7873780431441721,0.728793925594682,27,5,0.84375,4,5,0.4444444444444444,31,10,0.7560975609756098,"outlier=None;scale=None;reduce_pre__method=pca;reduce_pre__n_components=12;select__method=random_forest;select__k=2;reduce_post__method=None;clf=XGBClassifier(base_score=None, booster=None, callbacks=None,
              colsample_bylevel=None, colsample_bynode=None,
              colsample_bytree=1.0, device=None, early_stopping_rounds=None,
              enable_categorical=False, eval_metric=None, feature_types=None,
              feature_weights=None, gamma=1, grow_policy=None,
              importance_type=None, interaction_constraints=None,
              learning_rate=0.1, max_bin=None, max_cat_threshold=None,
              max_cat_to_onehot=None, max_delta_step=None, max_depth=6,
              max_leaves=None, min_child_weight=5, missing=nan,
              monotone_constraints=None, multi_strategy=None, n_estimators=200,
              n_jobs=None, num_parallel_tree=None, ...)",roc_auc,1.0,1.0,0.1,6.0,5.0,200.0,1.0,4.0,0.7
white_rhino,xgb_hist,0.4635331530590319,0.12964147300842863,0.5402300902226265,0.0908701486546333,-0.9350199273968233,0.2027159035621142,0.3887493562914264,0.162109401049314,0.5310522698993853,0.2451602139845449,0.44001534854872115,0.23198199754318946,0.5739406257115162,0.12098210200331591,"XGBClassifier(base_score=None, booster=None, callbacks=None,
              colsample_bylevel=None, colsample_bynode=None,
              colsample_bytree=1.0, device=None, early_stopping_rounds=None,
              enable_categorical=False, eval_metric=None, feature_types=None,
              feature_weights=None, gamma=1, grow_policy=None,
              importance_type=None, interaction_constraints=None,
              learning_rate=0.1, max_bin=None, max_cat_threshold=None,
              max_cat_to_onehot=None, max_delta_step=None, max_depth=6,
              max_leaves=None, min_child_weight=5, missing=nan,
              monotone_constraints=None, multi_strategy=None, n_estimators=200,
              n_jobs=None, num_parallel_tree=None, ...)",,OutlierCleanerTransformer(),,pca,2,FeatureScalerTransformer(),15,lasso,0.8658420551855376,0.8658708373770587,0.23873873873873874,0.23883637548891787,0.228310502283105,0.21739130434782608,0.2403846153846154,0.18839634941329855,0.859441012298162,0.8503039098086713,0.27174603174603174,0.4350429975429976,0.7195136359762263,0.7672517273555365,0.7433826816658814,31,1,0.96875,2,7,0.2222222222222222,33,8,0.8048780487804879,"outlier=OutlierCleanerTransformer();scale=FeatureScalerTransformer();reduce_pre__method=pca;reduce_pre__n_components=2;select__method=lasso;select__k=15;reduce_post__method=None;clf=XGBClassifier(base_score=None, booster=None, callbacks=None,
              colsample_bylevel=None, colsample_bynode=None,
              colsample_bytree=0.8, device=None, early_stopping_rounds=None,
              enable_categorical=False, eval_metric=None, feature_types=None,
              feature_weights=None, gamma=5, grow_policy=None,
              importance_type=None, interaction_constraints=None,
              learning_rate=0.03, max_bin=None, max_cat_threshold=None,
              max_cat_to_onehot=None, max_delta_step=None, max_depth=5,
              max_leaves=None, min_child_weight=3, missing=nan,
              monotone_constraints=None, multi_strategy=None, n_estimators=300,
              n_jobs=None, num_parallel_tree=None, ...)",accuracy,0.8,5.0,0.03,5.0,3.0,300.0,0.0,1.0,0.7
white_rhino,xgb_hist,0.4391594029133725,0.1531498770669058,0.5521993171379795,0.12862824777344747,-0.8511069625108376,0.1247409188436291,0.42356857904015277,0.1702205391755231,0.5182713133860675,0.21886538712657583,0.5699759609488066,0.34138751236468456,0.6061500051995242,0.15139797373936556,"XGBClassifier(base_score=None, booster=None, callbacks=None,
              colsample_bylevel=None, colsample_bynode=None,
              colsample_bytree=1.0, device=None, early_stopping_rounds=None,
              enable_categorical=False, eval_metric=None, feature_types=None,
              feature_weights=None, gamma=1, grow_policy=None,
              importance_type=None, interaction_constraints=None,
              learning_rate=0.1, max_bin=None, max_cat_threshold=None,
              max_cat_to_onehot=None, max_delta_step=None, max_depth=6,
              max_leaves=None, min_child_weight=5, missing=nan,
              monotone_constraints=None, multi_strategy=None, n_estimators=200,
              n_jobs=None, num_parallel_tree=None, ...)",,,,pca,12,,2,random_forest,0.7592768791627021,0.7593428161710387,0.43243243243243246,0.44328552803129073,0.5039370078740157,0.4266666666666667,0.6153846153846154,0.4599494784876141,0.7123591860640256,0.7738811011068861,0.2413227513227513,0.7256756756756757,0.6002076539827698,0.7642400160206441,0.6822238350017069,26,6,0.8125,4,5,0.4444444444444444,30,11,0.7317073170731707,"outlier=None;scale=None;reduce_pre__method=pca;reduce_pre__n_components=12;select__method=random_forest;select__k=2;reduce_post__method=None;clf=XGBClassifier(base_score=None, booster=None, callbacks=None,
              colsample_bylevel=None, colsample_bynode=None,
              colsample_bytree=1.0, device=None, early_stopping_rounds=None,
              enable_categorical=False, eval_metric=None, feature_types=None,
              feature_weights=None, gamma=1, grow_policy=None,
              importance_type=None, interaction_constraints=None,
              learning_rate=0.1, max_bin=None, max_cat_threshold=None,
              max_cat_to_onehot=None, max_delta_step=None, max_depth=6,
              max_leaves=None, min_child_weight=5, missing=nan,
              monotone_constraints=None, multi_strategy=None, n_estimators=200,
              n_jobs=None, num_parallel_tree=None, ...)",balanced_accuracy,1.0,1.0,0.1,6.0,5.0,200.0,1.0,4.0,0.7
white_rhino,xgb_hist,0.4291100178035384,0.1464517474453719,0.49056284168815384,0.15049227694119136,-1.0133623189543304,0.26733101085508615,0.3187523499174271,0.20187975080417503,0.4788786849822504,0.30358522312910274,0.3473756084227789,0.2698732308051425,0.5576415827941734,0.2251154663880366,"XGBClassifier(base_score=None, booster=None, callbacks=None,
              colsample_bylevel=None, colsample_bynode=None,
              colsample_bytree=1.0, device=None, early_stopping_rounds=None,
              enable_categorical=False, eval_metric=None, feature_types=None,
              feature_weights=None, gamma=1, grow_policy=None,
              importance_type=None, interaction_constraints=None,
              learning_rate=0.1, max_bin=None, max_cat_threshold=None,
              max_cat_to_onehot=None, max_delta_step=None, max_depth=6,
              max_leaves=None, min_child_weight=5, missing=nan,
              monotone_constraints=None, multi_strategy=None, n_estimators=200,
              n_jobs=None, num_parallel_tree=None, ...)",,OutlierCleanerTransformer(),,,5,FeatureScalerTransformer(),23,random_forest,0.9039010466222646,0.9039518663904862,0.34234234234234234,0.34485006518904826,0.35398230088495575,0.32786885245901637,0.38461538461538464,0.29261734028683184,0.8864572118004392,0.8781254089220016,0.32703703703703707,0.5186578624078624,0.7532619320948672,0.8062318996191739,0.7797469158570205,31,1,0.96875,4,5,0.4444444444444444,35,6,0.8536585365853658,"outlier=OutlierCleanerTransformer();scale=FeatureScalerTransformer();reduce_pre__method=None;reduce_pre__n_components=5;select__method=random_forest;select__k=23;reduce_post__method=None;clf=XGBClassifier(base_score=None, booster=None, callbacks=None,
              colsample_bylevel=None, colsample_bynode=None,
              colsample_bytree=0.8, device=None, early_stopping_rounds=None,
              enable_categorical=False, eval_metric=None, feature_types=None,
              feature_weights=None, gamma=5, grow_policy=None,
              importance_type=None, interaction_constraints=None,
              learning_rate=0.1, max_bin=None, max_cat_threshold=None,
              max_cat_to_onehot=None, max_delta_step=None, max_depth=4,
              max_leaves=None, min_child_weight=5, missing=nan,
              monotone_constraints=None, multi_strategy=None, n_estimators=300,
              n_jobs=None, num_parallel_tree=None, ...)",neg_log_loss,0.8,5.0,0.1,4.0,5.0,300.0,1.0,1.0,0.9
white_rhino,xgb_hist,0.4391594029133725,0.1531498770669058,0.5521993171379795,0.12862824777344747,-0.8511069625108376,0.1247409188436291,0.42356857904015277,0.1702205391755231,0.5182713133860675,0.21886538712657583,0.5699759609488066,0.34138751236468456,0.6061500051995242,0.15139797373936556,"XGBClassifier(base_score=None, booster=None, callbacks=None,
              colsample_bylevel=None, colsample_bynode=None,
              colsample_bytree=1.0, device=None, early_stopping_rounds=None,
              enable_categorical=False, eval_metric=None, feature_types=None,
              feature_weights=None, gamma=1, grow_policy=None,
              importance_type=None, interaction_constraints=None,
              learning_rate=0.1, max_bin=None, max_cat_threshold=None,
              max_cat_to_onehot=None, max_delta_step=None, max_depth=6,
              max_leaves=None, min_child_weight=5, missing=nan,
              monotone_constraints=None, multi_strategy=None, n_estimators=200,
              n_jobs=None, num_parallel_tree=None, ...)",,,,pca,12,,2,random_forest,0.7592768791627021,0.7593428161710387,0.43243243243243246,0.44328552803129073,0.5039370078740157,0.4266666666666667,0.6153846153846154,0.4599494784876141,0.7123591860640256,0.7738811011068861,0.2413227513227513,0.7256756756756757,0.6002076539827698,0.7642400160206441,0.6822238350017069,26,6,0.8125,4,5,0.4444444444444444,30,11,0.7317073170731707,"outlier=None;scale=None;reduce_pre__method=pca;reduce_pre__n_components=12;select__method=random_forest;select__k=2;reduce_post__method=None;clf=XGBClassifier(base_score=None, booster=None, callbacks=None,
              colsample_bylevel=None, colsample_bynode=None,
              colsample_bytree=1.0, device=None, early_stopping_rounds=None,
              enable_categorical=False, eval_metric=None, feature_types=None,
              feature_weights=None, gamma=1, grow_policy=None,
              importance_type=None, interaction_constraints=None,
              learning_rate=0.1, max_bin=None, max_cat_threshold=None,
              max_cat_to_onehot=None, max_delta_step=None, max_depth=6,
              max_leaves=None, min_child_weight=5, missing=nan,
              monotone_constraints=None, multi_strategy=None, n_estimators=200,
              n_jobs=None, num_parallel_tree=None, ...)",f1,1.0,1.0,0.1,6.0,5.0,200.0,1.0,4.0,0.7
white_rhino,xgb_hist,0.4635331530590319,0.12964147300842863,0.5402300902226265,0.0908701486546333,-0.9350199273968233,0.2027159035621142,0.3887493562914264,0.162109401049314,0.5310522698993853,0.2451602139845449,0.44001534854872115,0.23198199754318946,0.5739406257115162,0.12098210200331591,"XGBClassifier(base_score=None, booster=None, callbacks=None,
              colsample_bylevel=None, colsample_bynode=None,
              colsample_bytree=1.0, device=None, early_stopping_rounds=None,
              enable_categorical=False, eval_metric=None, feature_types=None,
              feature_weights=None, gamma=1, grow_policy=None,
              importance_type=None, interaction_constraints=None,
              learning_rate=0.1, max_bin=None, max_cat_threshold=None,
              max_cat_to_onehot=None, max_delta_step=None, max_depth=6,
              max_leaves=None, min_child_weight=5, missing=nan,
              monotone_constraints=None, multi_strategy=None, n_estimators=200,
              n_jobs=None, num_parallel_tree=None, ...)",,OutlierCleanerTransformer(),,pca,2,FeatureScalerTransformer(),15,lasso,0.8658420551855376,0.8658708373770587,0.23873873873873874,0.23883637548891787,0.228310502283105,0.21739130434782608,0.2403846153846154,0.18839634941329855,0.859441012298162,0.8503039098086713,0.27174603174603174,0.4350429975429976,0.7195136359762263,0.7672517273555365,0.7433826816658814,31,1,0.96875,2,7,0.2222222222222222,33,8,0.8048780487804879,"outlier=OutlierCleanerTransformer();scale=FeatureScalerTransformer();reduce_pre__method=pca;reduce_pre__n_components=2;select__method=lasso;select__k=15;reduce_post__method=None;clf=XGBClassifier(base_score=None, booster=None, callbacks=None,
              colsample_bylevel=None, colsample_bynode=None,
              colsample_bytree=0.8, device=None, early_stopping_rounds=None,
              enable_categorical=False, eval_metric=None, feature_types=None,
              feature_weights=None, gamma=5, grow_policy=None,
              importance_type=None, interaction_constraints=None,
              learning_rate=0.03, max_bin=None, max_cat_threshold=None,
              max_cat_to_onehot=None, max_delta_step=None, max_depth=5,
              max_leaves=None, min_child_weight=3, missing=nan,
              monotone_constraints=None, multi_strategy=None, n_estimators=300,
              n_jobs=None, num_parallel_tree=None, ...)",precision,0.8,5.0,0.03,5.0,3.0,300.0,0.0,1.0,0.7
white_rhino,xgb_hist,0.4391594029133725,0.1531498770669058,0.5521993171379795,0.12862824777344747,-0.8511069625108376,0.1247409188436291,0.42356857904015277,0.1702205391755231,0.5182713133860675,0.21886538712657583,0.5699759609488066,0.34138751236468456,0.6061500051995242,0.15139797373936556,"XGBClassifier(base_score=None, booster=None, callbacks=None,
              colsample_bylevel=None, colsample_bynode=None,
              colsample_bytree=1.0, device=None, early_stopping_rounds=None,
              enable_categorical=False, eval_metric=None, feature_types=None,
              feature_weights=None, gamma=1, grow_policy=None,
              importance_type=None, interaction_constraints=None,
              learning_rate=0.1, max_bin=None, max_cat_threshold=None,
              max_cat_to_onehot=None, max_delta_step=None, max_depth=6,
              max_leaves=None, min_child_weight=5, missing=nan,
              monotone_constraints=None, multi_strategy=None, n_estimators=200,
              n_jobs=None, num_parallel_tree=None, ...)",,,,pca,12,,2,random_forest,0.7592768791627021,0.7593428161710387,0.43243243243243246,0.44328552803129073,0.5039370078740157,0.4266666666666667,0.6153846153846154,0.4599494784876141,0.7123591860640256,0.7738811011068861,0.2413227513227513,0.7256756756756757,0.6002076539827698,0.7642400160206441,0.6822238350017069,26,6,0.8125,4,5,0.4444444444444444,30,11,0.7317073170731707,"outlier=None;scale=None;reduce_pre__method=pca;reduce_pre__n_components=12;select__method=random_forest;select__k=2;reduce_post__method=None;clf=XGBClassifier(base_score=None, booster=None, callbacks=None,
              colsample_bylevel=None, colsample_bynode=None,
              colsample_bytree=1.0, device=None, early_stopping_rounds=None,
              enable_categorical=False, eval_metric=None, feature_types=None,
              feature_weights=None, gamma=1, grow_policy=None,
              importance_type=None, interaction_constraints=None,
              learning_rate=0.1, max_bin=None, max_cat_threshold=None,
              max_cat_to_onehot=None, max_delta_step=None, max_depth=6,
              max_leaves=None, min_child_weight=5, missing=nan,
              monotone_constraints=None, multi_strategy=None, n_estimators=200,
              n_jobs=None, num_parallel_tree=None, ...)",recall,1.0,1.0,0.1,6.0,5.0,200.0,1.0,4.0,0.7
white_rhino,xgb_hist,0.4391594029133725,0.1531498770669058,0.5521993171379795,0.12862824777344747,-0.8511069625108376,0.1247409188436291,0.42356857904015277,0.1702205391755231,0.5182713133860675,0.21886538712657583,0.5699759609488066,0.34138751236468456,0.6061500051995242,0.15139797373936556,"XGBClassifier(base_score=None, booster=None, callbacks=None,
              colsample_bylevel=None, colsample_bynode=None,
              colsample_bytree=1.0, device=None, early_stopping_rounds=None,
              enable_categorical=False, eval_metric=None, feature_types=None,
              feature_weights=None, gamma=1, grow_policy=None,
              importance_type=None, interaction_constraints=None,
              learning_rate=0.1, max_bin=None, max_cat_threshold=None,
              max_cat_to_onehot=None, max_delta_step=None, max_depth=6,
              max_leaves=None, min_child_weight=5, missing=nan,
              monotone_constraints=None, multi_strategy=None, n_estimators=200,
              n_jobs=None, num_parallel_tree=None, ...)",,,,pca,12,,2,random_forest,0.7592768791627021,0.7593428161710387,0.43243243243243246,0.44328552803129073,0.5039370078740157,0.4266666666666667,0.6153846153846154,0.4599494784876141,0.7123591860640256,0.7738811011068861,0.2413227513227513,0.7256756756756757,0.6002076539827698,0.7642400160206441,0.6822238350017069,26,6,0.8125,4,5,0.4444444444444444,30,11,0.7317073170731707,"outlier=None;scale=None;reduce_pre__method=pca;reduce_pre__n_components=12;select__method=random_forest;select__k=2;reduce_post__method=None;clf=XGBClassifier(base_score=None, booster=None, callbacks=None,
              colsample_bylevel=None, colsample_bynode=None,
              colsample_bytree=1.0, device=None, early_stopping_rounds=None,
              enable_categorical=False, eval_metric=None, feature_types=None,
              feature_weights=None, gamma=1, grow_policy=None,
              importance_type=None, interaction_constraints=None,
              learning_rate=0.1, max_bin=None, max_cat_threshold=None,
              max_cat_to_onehot=None, max_delta_step=None, max_depth=6,
              max_leaves=None, min_child_weight=5, missing=nan,
              monotone_constraints=None, multi_strategy=None, n_estimators=200,
              n_jobs=None, num_parallel_tree=None, ...)",roc_auc,1.0,1.0,0.1,6.0,5.0,200.0,1.0,4.0,0.7
