select__method,select__k,scale__method,reduce_pre__whiten,reduce_pre__n_neighbors,reduce_pre__n_components,reduce_pre__min_dist,reduce_pre__method,reduce_post__whiten,reduce_post__n_neighbors,reduce_post__n_components,reduce_post__min_dist,reduce_post__method,outlier__method,clf,female_train_acc,male_train_acc,balanced_train_acc,female_test_acc,male_test_acc,balanced_test_acc,female_full_acc,male_full_acc,balanced_full_acc,maj_train_count,maj_train_wrong,maj_train_pct,maj_test_count,maj_test_wrong,maj_test_pct,maj_full_count,maj_full_wrong,maj_full_pct
univariate,3,robust,False,30,2,0.1,pca,False,15,5,0.1,,zscore,"ExtraTreesClassifier(n_estimators=200, n_jobs=-1)",1.0,1.0,1.0,0.7000000000000001,0.2857142857142857,0.4928571428571429,0.9375,0.8660714285714286,0.9017857142857143,32,0,1.0,5,3,0.625,37,3,0.925
lasso,20,,False,30,5,0.0,pca,True,5,2,0.5,pca,zscore,"XGBClassifier(base_score=None, booster=None, callbacks=None,
              colsample_bylevel=None, colsample_bynode=None,
              colsample_bytree=None, device=None, early_stopping_rounds=None,
              enable_categorical=False, eval_metric=None, feature_types=None,
              feature_weights=None, gamma=None, grow_policy=None,
              importance_type=None, interaction_constraints=None,
              learning_rate=None, max_bin=None, max_cat_threshold=None,
              max_cat_to_onehot=None, max_delta_step=None, max_depth=None,
              max_leaves=None, min_child_weight=None, missing=nan,
              monotone_constraints=None, multi_strategy=None, n_estimators=100,
              n_jobs=None, num_parallel_tree=None, ...)",1.0,1.0,1.0,0.7428571428571428,0.30952380952380953,0.5261904761904761,0.9464285714285715,0.8705357142857143,0.9084821428571429,32,0,1.0,5,3,0.625,37,3,0.925
univariate,5,robust,True,15,2,0.5,,False,5,10,0.5,umap,clip,"LGBMClassifier(max_depth=10, verbose=-1)",0.9774436090225564,0.9578754578754579,0.9676595334490072,0.7428571428571429,0.30952380952380953,0.5261904761904762,0.9285714285714285,0.8363095238095238,0.8824404761904762,32,0,1.0,5,3,0.625,37,3,0.925
random_forest,2,standard,True,5,10,0.0,umap,True,15,5,0.5,pca,zscore,LGBMClassifier(verbose=-1),0.9314632735685366,0.8626373626373627,0.8970503181029497,0.6428571428571429,0.35714285714285715,0.5,0.8713369963369964,0.7678571428571429,0.8195970695970696,32,0,1.0,4,4,0.5,36,4,0.9
random_forest,50,standard,True,5,10,0.0,umap,False,30,5,0.5,,clip,"XGBClassifier(base_score=None, booster=None, callbacks=None,
              colsample_bylevel=None, colsample_bynode=None,
              colsample_bytree=None, device=None, early_stopping_rounds=None,
              enable_categorical=False, eval_metric=None, feature_types=None,
              feature_weights=None, gamma=None, grow_policy=None,
              importance_type=None, interaction_constraints=None,
              learning_rate=None, max_bin=None, max_cat_threshold=None,
              max_cat_to_onehot=None, max_delta_step=None, max_depth=None,
              max_leaves=None, min_child_weight=None, missing=nan,
              monotone_constraints=None, multi_strategy=None, n_estimators=100,
              n_jobs=None, num_parallel_tree=None, ...)",1.0,1.0,1.0,0.7428571428571429,0.3095238095238095,0.5261904761904762,0.9464285714285715,0.8705357142857143,0.9084821428571429,32,0,1.0,4,4,0.5,36,4,0.9
forward,2,,True,30,10,0.5,,True,5,5,0.1,umap,clip,"RandomForestClassifier(max_depth=15, n_estimators=50, n_jobs=-1)",1.0,1.0,1.0,0.7571428571428571,0.3333333333333333,0.5452380952380952,0.9494047619047619,0.875,0.9122023809523809,32,0,1.0,5,3,0.625,37,3,0.925
random_forest,50,standard,True,5,2,0.0,umap,True,30,2,0.5,,clip,"XGBClassifier(base_score=None, booster=None, callbacks=None,
              colsample_bylevel=None, colsample_bynode=None,
              colsample_bytree=None, device=None, early_stopping_rounds=None,
              enable_categorical=False, eval_metric=None, feature_types=None,
              feature_weights=None, gamma=None, grow_policy=None,
              importance_type=None, interaction_constraints=None,
              learning_rate=None, max_bin=None, max_cat_threshold=None,
              max_cat_to_onehot=None, max_delta_step=None, max_depth=None,
              max_leaves=None, min_child_weight=None, missing=nan,
              monotone_constraints=None, multi_strategy=None, n_estimators=100,
              n_jobs=None, num_parallel_tree=None, ...)",1.0,1.0,1.0,0.7428571428571429,0.3095238095238095,0.5261904761904762,0.9464285714285715,0.8705357142857143,0.9084821428571429,32,0,1.0,4,4,0.5,36,4,0.9
,10,,True,15,2,0.5,,True,5,2,0.0,umap,,<catboost.core.CatBoostClassifier object at 0x00000212EBCA6290>,0.9543088490456909,0.8333333333333334,0.8938210911895121,0.8285714285714285,0.35714285714285715,0.5928571428571429,0.928113553113553,0.7440476190476191,0.836080586080586,32,0,1.0,6,2,0.75,38,2,0.95
random_forest,20,,True,5,5,0.5,,False,30,2,0.5,,clip,KNeighborsClassifier(n_neighbors=7),0.9019664545980334,0.6483516483516484,0.7751590514748409,0.7714285714285715,0.35714285714285715,0.5642857142857143,0.8747710622710622,0.59375,0.734260531135531,28,4,0.875,5,3,0.625,33,7,0.825
random_forest,5,robust,False,30,2,0.5,pca,False,30,10,0.1,pca,,KNeighborsClassifier(n_neighbors=7),0.8368999421631,0.6611721611721612,0.7490360516676307,0.6285714285714287,0.2619047619047619,0.4452380952380953,0.7934981684981685,0.5863095238095238,0.6899038461538461,29,3,0.90625,4,4,0.5,33,7,0.825
