select__method,select__k,scale__method,reduce_pre__whiten,reduce_pre__n_neighbors,reduce_pre__n_components,reduce_pre__min_dist,reduce_pre__method,reduce_post__whiten,reduce_post__n_neighbors,reduce_post__n_components,reduce_post__min_dist,reduce_post__method,outlier__method,clf,female_train_acc,male_train_acc,balanced_train_acc,female_test_acc,male_test_acc,balanced_test_acc,female_full_acc,male_full_acc,balanced_full_acc,maj_train_count,maj_train_wrong,maj_train_pct,maj_test_count,maj_test_wrong,maj_test_pct,maj_full_count,maj_full_wrong,maj_full_pct,best_metric
random_forest,5,robust,False,30,2,0.5,pca,False,30,10,0.1,pca,,KNeighborsClassifier(n_neighbors=7),0.8603415142209603,0.8652966335068442,0.8628190738639022,0.46877500536562766,0.5358108108108108,0.5022929080882192,0.7484653688337224,0.8158737601024392,0.7821695644680808,32,0,1.0,5,4,0.5555555555555556,37,4,0.9024390243902439,maj_test_pct
random_forest,50,standard,True,5,10,0.0,umap,False,30,5,0.5,,clip,"XGBClassifier(base_score=None, booster=None, callbacks=None,
              colsample_bylevel=None, colsample_bynode=None,
              colsample_bytree=None, device=None, early_stopping_rounds=None,
              enable_categorical=False, eval_metric=None, feature_types=None,
              feature_weights=None, gamma=None, grow_policy=None,
              importance_type=None, interaction_constraints=None,
              learning_rate=None, max_bin=None, max_cat_threshold=None,
              max_cat_to_onehot=None, max_delta_step=None, max_depth=None,
              max_leaves=None, min_child_weight=None, missing=nan,
              monotone_constraints=None, multi_strategy=None, n_estimators=100,
              n_jobs=None, num_parallel_tree=None, ...)",1.0,1.0,1.0,0.37062918916892845,0.5726248976248977,0.4716270433969131,0.8201797683339794,0.9358937346437346,0.878036751488857,32,0,1.0,4,5,0.4444444444444444,36,5,0.8780487804878049,balanced_full_acc
