species,model_key,mean_cv_accuracy,std_cv_accuracy,mean_cv_balanced_accuracy,std_cv_balanced_accuracy,mean_cv_neg_log_loss,std_cv_neg_log_loss,mean_cv_f1,std_cv_f1,mean_cv_precision,std_cv_precision,mean_cv_recall,std_cv_recall,mean_cv_roc_auc,std_cv_roc_auc,clf,clf__n_components,outlier,reduce_post__method,reduce_pre__method,reduce_pre__n_components,scale,select__k,select__method,accuracy_train,balanced_train_acc,accuracy_test,balanced_test_acc,f1_test,precision_test,recall_test,roc_auc_test,female_train_acc,male_train_acc,female_test_acc,male_test_acc,female_full_acc,male_full_acc,balanced_full_acc,maj_train_count,maj_train_wrong,maj_train_pct,maj_test_count,maj_test_wrong,maj_test_pct,maj_full_count,maj_full_wrong,maj_full_pct,pipeline_id,clf__colsample_bytree,clf__gamma,clf__learning_rate,clf__max_depth,clf__min_child_weight,clf__n_estimators,clf__reg_alpha,clf__reg_lambda,clf__subsample,mean_cv_accuracy_rank,mean_cv_balanced_accuracy_rank,mean_cv_neg_log_loss_rank,mean_rank
eurasian_otter,lda_svd,0.7595426597475234,0.04681195868032442,0.7555380792420487,0.05646360931819806,-0.48931284893134785,0.05139019766646029,0.6819036916479371,0.15654758527555898,0.6982170903671434,0.22933581036304854,0.7592187145128322,0.15216074065601348,0.8893413742361614,0.023900864744689162,LinearDiscriminantAnalysis(n_components=1),1.0,OutlierCleanerTransformer(),,,3,FeatureScalerTransformer(),5,forward,0.8258575197889182,0.8228971962616822,0.8452380952380952,0.8426773455377574,0.8266666666666667,0.8378378378378378,0.8157894736842105,0.9243421052631579,0.8281376031313775,0.7866957447314589,0.8327067669172932,0.7829044661342798,0.829736810456448,0.7854319851990661,0.807584397827757,26,1,0.9629629629629629,13,1,0.9285714285714286,39,2,0.9512195121951219,outlier=OutlierCleanerTransformer();scale=FeatureScalerTransformer();reduce_pre__method=None;reduce_pre__n_components=3;select__method=forward;select__k=5;reduce_post__method=None;clf=LinearDiscriminantAnalysis(n_components=1),,,,,,,,,,14.0,12.0,5.0,10.333333333333334
eurasian_otter,lda_svd,0.7613801440514779,0.04668221168195049,0.7530577402229721,0.04952213726179858,-0.6290035788376788,0.14257663767567738,0.6715915246484594,0.20838684687908643,0.7017907086556973,0.2686065095000934,0.7366977061094708,0.14881917684186255,0.8528090223857798,0.027152055436323295,LinearDiscriminantAnalysis(n_components=1),1.0,OutlierCleanerTransformer(),,,8,,24,forward,0.8865435356200527,0.8849617672047578,0.8392857142857143,0.8383867276887872,0.8235294117647058,0.8181818181818182,0.8289473684210527,0.9037471395881007,0.8770895328441769,0.8784129560915276,0.8049140708915145,0.8175096125406683,0.851828121160745,0.8581118415745743,0.8549699813676597,26,1,0.9629629629629629,13,1,0.9285714285714286,39,2,0.9512195121951219,outlier=OutlierCleanerTransformer();scale=None;reduce_pre__method=None;reduce_pre__n_components=8;select__method=forward;select__k=24;reduce_post__method=None;clf=LinearDiscriminantAnalysis(n_components=1),,,,,,,,,,12.5,13.5,2.0,9.333333333333334
eurasian_otter,lda_svd,0.7613801440514779,0.04668221168195049,0.7530577402229721,0.04952213726179858,-0.62900357883768,0.14257663767566997,0.6715915246484594,0.20838684687908643,0.7017907086556973,0.2686065095000934,0.7366977061094708,0.14881917684186255,0.8528090223857798,0.027152055436323295,LinearDiscriminantAnalysis(n_components=1),1.0,OutlierCleanerTransformer(),,,12,FeatureScalerTransformer(),24,forward,0.8839050131926122,0.8819314641744549,0.8452380952380952,0.8403890160183066,0.821917808219178,0.8571428571428571,0.7894736842105263,0.92162471395881,0.8772020265596119,0.8582482993197279,0.8743734335839599,0.7494824016563147,0.8762120190181335,0.8219930000985902,0.8491025095583619,27,0,1.0,13,1,0.9285714285714286,40,1,0.975609756097561,outlier=OutlierCleanerTransformer();scale=FeatureScalerTransformer();reduce_pre__method=None;reduce_pre__n_components=12;select__method=forward;select__k=24;reduce_post__method=None;clf=LinearDiscriminantAnalysis(n_components=1),,,,,,,,,,12.5,13.5,1.0,9.0
eurasian_otter,lda_svd,0.7478563865513018,0.03953141247642613,0.7484833759427254,0.05923264829520479,-0.5061364217400801,0.07612186141411863,0.6651638905873352,0.17133264618076802,0.6941902834008097,0.2425087662936189,0.7453796653796655,0.17028060293307654,0.8891954086353895,0.024354915832177703,LinearDiscriminantAnalysis(n_components=1),1.0,,,pca,12,FeatureScalerTransformer(),27,random_forest,0.8522427440633246,0.8476493911073351,0.8154761904761905,0.8086384439359268,0.7832167832167832,0.835820895522388,0.7368421052631579,0.9130434782608695,0.8613895456968212,0.8022685647685648,0.8267543859649124,0.6922508133688259,0.8492672397906531,0.7655959809686518,0.8074316103796524,25,2,0.9259259259259259,12,2,0.8571428571428571,37,4,0.9024390243902439,outlier=None;scale=FeatureScalerTransformer();reduce_pre__method=pca;reduce_pre__n_components=12;select__method=random_forest;select__k=27;reduce_post__method=None;clf=LinearDiscriminantAnalysis(n_components=1),,,,,,,,,,15.0,15.0,3.0,11.0
eurasian_otter,lda_svd,0.7804308729835627,0.026075967431420516,0.7663883564852001,0.035615193134987906,-0.5051313299346271,0.07660496917653004,0.6959286327707381,0.18858332973359312,0.7129014847045538,0.25735244295432336,0.7604209251268076,0.13991266098355873,0.8881808602344231,0.009757323377102974,LinearDiscriminantAnalysis(n_components=1),1.0,OutlierCleanerTransformer(),,pca,5,FeatureScalerTransformer(),30,lasso,0.8469656992084432,0.8422826394789011,0.8333333333333334,0.8283752860411899,0.8082191780821918,0.8428571428571429,0.7763157894736842,0.9131864988558352,0.8601099846146286,0.8001736358879217,0.8675707124955245,0.7624963028689736,0.8627212393729421,0.7876145248816057,0.8251678821272739,26,1,0.9629629629629629,13,1,0.9285714285714286,39,2,0.9512195121951219,outlier=OutlierCleanerTransformer();scale=FeatureScalerTransformer();reduce_pre__method=pca;reduce_pre__n_components=5;select__method=lasso;select__k=30;reduce_post__method=None;clf=LinearDiscriminantAnalysis(n_components=1),,,,,,,,,,11.0,10.0,4.0,8.333333333333334
eurasian_otter,xgb_std,0.8030631741140215,0.04444068362896096,0.7962545757823136,0.04500587986658547,-0.460960884125322,0.055675471269143274,0.7300348691999545,0.14995652162071474,0.7207975343764816,0.20616170488033864,0.8061352108410931,0.14070640571869408,0.9003292476735805,0.027389648491795763,"XGBClassifier(base_score=None, booster=None, callbacks=None,
              colsample_bylevel=None, colsample_bynode=None,
              colsample_bytree=0.8, device=None, early_stopping_rounds=None,
              enable_categorical=False, eval_metric=None, feature_types=None,
              feature_weights=None, gamma=5, grow_policy=None,
              importance_type=None, interaction_constraints=None,
              learning_rate=0.1, max_bin=None, max_cat_threshold=None,
              max_cat_to_onehot=None, max_delta_step=None, max_depth=4,
              max_leaves=None, min_child_weight=5, missing=nan,
              monotone_constraints=None, multi_strategy=None, n_estimators=300,
              n_jobs=None, num_parallel_tree=None, ...)",,OutlierCleanerTransformer(),,pca,2,FeatureScalerTransformer(),15,lasso,0.920844327176781,0.9188048711413197,0.8869047619047619,0.8852974828375286,0.8741721854304636,0.88,0.868421052631579,0.9470823798627003,0.9271159785571214,0.8965986394557823,0.8818922305764411,0.8231292517006802,0.9112876667638833,0.8721088435374149,0.8916982551506492,27,0,1.0,14,0,1.0,41,0,1.0,"outlier=OutlierCleanerTransformer();scale=FeatureScalerTransformer();reduce_pre__method=pca;reduce_pre__n_components=2;select__method=lasso;select__k=15;reduce_post__method=None;clf=XGBClassifier(base_score=None, booster=None, callbacks=None,
              colsample_bylevel=None, colsample_bynode=None,
              colsample_bytree=0.8, device=None, early_stopping_rounds=None,
              enable_categorical=False, eval_metric=None, feature_types=None,
              feature_weights=None, gamma=5, grow_policy=None,
              importance_type=None, interaction_constraints=None,
              learning_rate=0.03, max_bin=None, max_cat_threshold=None,
              max_cat_to_onehot=None, max_delta_step=None, max_depth=5,
              max_leaves=None, min_child_weight=3, missing=nan,
              monotone_constraints=None, multi_strategy=None, n_estimators=300,
              n_jobs=None, num_parallel_tree=None, ...)",0.8,5.0,0.03,5.0,3.0,300.0,0.0,1.0,0.7,1.0,3.0,15.0,6.333333333333333
eurasian_otter,xgb_std,0.7854220007455084,0.07089480519326882,0.7776636572009599,0.06611104682867014,-0.4746403819967801,0.07367013259220098,0.7120495667483817,0.11914543434679471,0.7238131383602167,0.16321012217624328,0.7487167840109017,0.14718506687374341,0.888508894595217,0.037103705666836476,"XGBClassifier(base_score=None, booster=None, callbacks=None,
              colsample_bylevel=None, colsample_bynode=None,
              colsample_bytree=0.8, device=None, early_stopping_rounds=None,
              enable_categorical=False, eval_metric=None, feature_types=None,
              feature_weights=None, gamma=5, grow_policy=None,
              importance_type=None, interaction_constraints=None,
              learning_rate=0.1, max_bin=None, max_cat_threshold=None,
              max_cat_to_onehot=None, max_delta_step=None, max_depth=4,
              max_leaves=None, min_child_weight=5, missing=nan,
              monotone_constraints=None, multi_strategy=None, n_estimators=300,
              n_jobs=None, num_parallel_tree=None, ...)",,OutlierCleanerTransformer(),,pca,12,,5,random_forest,0.8390501319261213,0.8380487114131974,0.8571428571428571,0.8604118993135011,0.85,0.8095238095238095,0.8947368421052632,0.9217677345537758,0.837063668746264,0.8151901669758813,0.7891604010025063,0.8469387755102041,0.8202975250359487,0.8257730364873223,0.8230352807616355,26,1,0.9629629629629629,12,2,0.8571428571428571,38,3,0.926829268292683,"outlier=OutlierCleanerTransformer();scale=None;reduce_pre__method=pca;reduce_pre__n_components=12;select__method=random_forest;select__k=5;reduce_post__method=None;clf=XGBClassifier(base_score=None, booster=None, callbacks=None,
              colsample_bylevel=None, colsample_bynode=None,
              colsample_bytree=0.6, device=None, early_stopping_rounds=None,
              enable_categorical=False, eval_metric=None, feature_types=None,
              feature_weights=None, gamma=5, grow_policy=None,
              importance_type=None, interaction_constraints=None,
              learning_rate=0.1, max_bin=None, max_cat_threshold=None,
              max_cat_to_onehot=None, max_delta_step=None, max_depth=4,
              max_leaves=None, min_child_weight=5, missing=nan,
              monotone_constraints=None, multi_strategy=None, n_estimators=100,
              n_jobs=None, num_parallel_tree=None, ...)",0.6,5.0,0.1,4.0,5.0,100.0,1.0,1.0,1.0,7.0,7.0,6.0,6.666666666666667
eurasian_otter,xgb_std,0.7961407224561241,0.043511872392466844,0.7974528971480191,0.06835586570256257,-0.4643000048620939,0.0946563282662429,0.7320498551023661,0.12084116448421213,0.7249669393905913,0.18447912507356434,0.8247619047619047,0.1864916575131324,0.8898657463913324,0.04536872167075202,"XGBClassifier(base_score=None, booster=None, callbacks=None,
              colsample_bylevel=None, colsample_bynode=None,
              colsample_bytree=0.8, device=None, early_stopping_rounds=None,
              enable_categorical=False, eval_metric=None, feature_types=None,
              feature_weights=None, gamma=5, grow_policy=None,
              importance_type=None, interaction_constraints=None,
              learning_rate=0.1, max_bin=None, max_cat_threshold=None,
              max_cat_to_onehot=None, max_delta_step=None, max_depth=4,
              max_leaves=None, min_child_weight=5, missing=nan,
              monotone_constraints=None, multi_strategy=None, n_estimators=300,
              n_jobs=None, num_parallel_tree=None, ...)",,OutlierCleanerTransformer(),,,5,FeatureScalerTransformer(),23,random_forest,0.9023746701846965,0.8989804587935428,0.8928571428571429,0.8907322654462242,0.88,0.8918918918918919,0.868421052631579,0.9310640732265445,0.9164362343247456,0.8730983302411873,0.8894110275689222,0.7891156462585034,0.9069774119602073,0.8451041022469594,0.8760407571035833,26,1,0.9629629629629629,13,1,0.9285714285714286,39,2,0.9512195121951219,"outlier=OutlierCleanerTransformer();scale=FeatureScalerTransformer();reduce_pre__method=None;reduce_pre__n_components=5;select__method=random_forest;select__k=23;reduce_post__method=None;clf=XGBClassifier(base_score=None, booster=None, callbacks=None,
              colsample_bylevel=None, colsample_bynode=None,
              colsample_bytree=0.8, device=None, early_stopping_rounds=None,
              enable_categorical=False, eval_metric=None, feature_types=None,
              feature_weights=None, gamma=5, grow_policy=None,
              importance_type=None, interaction_constraints=None,
              learning_rate=0.1, max_bin=None, max_cat_threshold=None,
              max_cat_to_onehot=None, max_delta_step=None, max_depth=4,
              max_leaves=None, min_child_weight=5, missing=nan,
              monotone_constraints=None, multi_strategy=None, n_estimators=300,
              n_jobs=None, num_parallel_tree=None, ...)",0.8,5.0,0.1,4.0,5.0,300.0,1.0,1.0,0.9,5.0,2.0,13.0,6.666666666666667
eurasian_otter,xgb_std,0.7823480339360959,0.05072859057113215,0.7657600908963894,0.026184849062944555,-0.47375141824844597,0.10074755367755656,0.6982999189353595,0.12455553974518412,0.7318447018447019,0.1899428346897203,0.7065879324702854,0.10374991565765436,0.8766957139553984,0.04247714447212142,"XGBClassifier(base_score=None, booster=None, callbacks=None,
              colsample_bylevel=None, colsample_bynode=None,
              colsample_bytree=0.8, device=None, early_stopping_rounds=None,
              enable_categorical=False, eval_metric=None, feature_types=None,
              feature_weights=None, gamma=5, grow_policy=None,
              importance_type=None, interaction_constraints=None,
              learning_rate=0.1, max_bin=None, max_cat_threshold=None,
              max_cat_to_onehot=None, max_delta_step=None, max_depth=4,
              max_leaves=None, min_child_weight=5, missing=nan,
              monotone_constraints=None, multi_strategy=None, n_estimators=300,
              n_jobs=None, num_parallel_tree=None, ...)",,,,pca,12,,2,random_forest,0.8601583113456465,0.8546587369017276,0.8571428571428571,0.8581235697940504,0.8461538461538461,0.825,0.868421052631579,0.9125429061784898,0.8877636558936197,0.7959120609966476,0.7640977443609023,0.8061224489795918,0.8444805868571684,0.7993155236576289,0.8218980552573987,26,1,0.9629629629629629,13,1,0.9285714285714286,39,2,0.9512195121951219,"outlier=None;scale=None;reduce_pre__method=pca;reduce_pre__n_components=12;select__method=random_forest;select__k=2;reduce_post__method=None;clf=XGBClassifier(base_score=None, booster=None, callbacks=None,
              colsample_bylevel=None, colsample_bynode=None,
              colsample_bytree=1.0, device=None, early_stopping_rounds=None,
              enable_categorical=False, eval_metric=None, feature_types=None,
              feature_weights=None, gamma=1, grow_policy=None,
              importance_type=None, interaction_constraints=None,
              learning_rate=0.1, max_bin=None, max_cat_threshold=None,
              max_cat_to_onehot=None, max_delta_step=None, max_depth=6,
              max_leaves=None, min_child_weight=5, missing=nan,
              monotone_constraints=None, multi_strategy=None, n_estimators=200,
              n_jobs=None, num_parallel_tree=None, ...)",1.0,1.0,0.1,6.0,5.0,200.0,1.0,4.0,0.7,10.0,11.0,8.0,9.666666666666666
eurasian_otter,xgb_std,0.7842805276276168,0.0488361195265977,0.7772778387460357,0.0489838154622177,-0.4723426060442943,0.07373934362529434,0.7175762659689381,0.139251004721951,0.7006220793771065,0.19708101176380988,0.7982920735861911,0.12667663027278994,0.8826303546492451,0.035630933887570784,"XGBClassifier(base_score=None, booster=None, callbacks=None,
              colsample_bylevel=None, colsample_bynode=None,
              colsample_bytree=0.8, device=None, early_stopping_rounds=None,
              enable_categorical=False, eval_metric=None, feature_types=None,
              feature_weights=None, gamma=5, grow_policy=None,
              importance_type=None, interaction_constraints=None,
              learning_rate=0.1, max_bin=None, max_cat_threshold=None,
              max_cat_to_onehot=None, max_delta_step=None, max_depth=4,
              max_leaves=None, min_child_weight=5, missing=nan,
              monotone_constraints=None, multi_strategy=None, n_estimators=300,
              n_jobs=None, num_parallel_tree=None, ...)",,OutlierCleanerTransformer(),,,8,FeatureScalerTransformer(),13,forward,0.8548812664907651,0.8520674030019825,0.8869047619047619,0.8852974828375286,0.8741721854304636,0.88,0.868421052631579,0.9470823798627003,0.8547005824861189,0.8245439084724799,0.8818922305764411,0.7891156462585035,0.8642176593177316,0.8127344877344876,0.8384760735261096,26,1,0.9629629629629629,14,0,1.0,40,1,0.975609756097561,"outlier=OutlierCleanerTransformer();scale=FeatureScalerTransformer();reduce_pre__method=None;reduce_pre__n_components=8;select__method=forward;select__k=13;reduce_post__method=None;clf=XGBClassifier(base_score=None, booster=None, callbacks=None,
              colsample_bylevel=None, colsample_bynode=None,
              colsample_bytree=0.6, device=None, early_stopping_rounds=None,
              enable_categorical=False, eval_metric=None, feature_types=None,
              feature_weights=None, gamma=5, grow_policy=None,
              importance_type=None, interaction_constraints=None,
              learning_rate=0.03, max_bin=None, max_cat_threshold=None,
              max_cat_to_onehot=None, max_delta_step=None, max_depth=8,
              max_leaves=None, min_child_weight=3, missing=nan,
              monotone_constraints=None, multi_strategy=None, n_estimators=300,
              n_jobs=None, num_parallel_tree=None, ...)",0.6,5.0,0.03,8.0,3.0,300.0,1.0,2.0,0.8,8.0,8.0,9.0,8.333333333333334
eurasian_otter,xgb_hist,0.7970669703668966,0.05187658685213329,0.7923028957426375,0.05077819251204304,-0.4669784116535083,0.06175740413328955,0.718207855234037,0.1654687070890726,0.7167245035666089,0.21919784828156774,0.7982920735861911,0.1607572300850449,0.8970941460008891,0.024993991937763024,"XGBClassifier(base_score=None, booster=None, callbacks=None,
              colsample_bylevel=None, colsample_bynode=None,
              colsample_bytree=0.8, device=None, early_stopping_rounds=None,
              enable_categorical=False, eval_metric=None, feature_types=None,
              feature_weights=None, gamma=5, grow_policy=None,
              importance_type=None, interaction_constraints=None,
              learning_rate=0.1, max_bin=None, max_cat_threshold=None,
              max_cat_to_onehot=None, max_delta_step=None, max_depth=4,
              max_leaves=None, min_child_weight=5, missing=nan,
              monotone_constraints=None, multi_strategy=None, n_estimators=300,
              n_jobs=None, num_parallel_tree=None, ...)",,OutlierCleanerTransformer(),,pca,2,FeatureScalerTransformer(),15,lasso,0.8865435356200527,0.8835740583404135,0.8928571428571429,0.8918764302059496,0.881578947368421,0.881578947368421,0.881578947368421,0.9483695652173914,0.8932291782229527,0.8646585557299843,0.8818922305764411,0.8435374149659863,0.8892612465466737,0.8576181754753182,0.8734397110109959,26,1,0.9629629629629629,14,0,1.0,40,1,0.975609756097561,"outlier=OutlierCleanerTransformer();scale=FeatureScalerTransformer();reduce_pre__method=pca;reduce_pre__n_components=2;select__method=lasso;select__k=15;reduce_post__method=None;clf=XGBClassifier(base_score=None, booster=None, callbacks=None,
              colsample_bylevel=None, colsample_bynode=None,
              colsample_bytree=0.8, device=None, early_stopping_rounds=None,
              enable_categorical=False, eval_metric=None, feature_types=None,
              feature_weights=None, gamma=5, grow_policy=None,
              importance_type=None, interaction_constraints=None,
              learning_rate=0.03, max_bin=None, max_cat_threshold=None,
              max_cat_to_onehot=None, max_delta_step=None, max_depth=5,
              max_leaves=None, min_child_weight=3, missing=nan,
              monotone_constraints=None, multi_strategy=None, n_estimators=300,
              n_jobs=None, num_parallel_tree=None, ...)",0.8,5.0,0.03,5.0,3.0,300.0,0.0,1.0,0.7,4.0,5.0,12.0,7.0
eurasian_otter,xgb_hist,0.7828363660412296,0.06458298454951564,0.7749651253357615,0.06101804695659655,-0.4746217851633057,0.07452687528643702,0.7080948857008196,0.12540296319638286,0.7155742719634555,0.17073945610054442,0.754122189416307,0.14983859421801413,0.8904322227194058,0.03936050324460193,"XGBClassifier(base_score=None, booster=None, callbacks=None,
              colsample_bylevel=None, colsample_bynode=None,
              colsample_bytree=0.8, device=None, early_stopping_rounds=None,
              enable_categorical=False, eval_metric=None, feature_types=None,
              feature_weights=None, gamma=5, grow_policy=None,
              importance_type=None, interaction_constraints=None,
              learning_rate=0.1, max_bin=None, max_cat_threshold=None,
              max_cat_to_onehot=None, max_delta_step=None, max_depth=4,
              max_leaves=None, min_child_weight=5, missing=nan,
              monotone_constraints=None, multi_strategy=None, n_estimators=300,
              n_jobs=None, num_parallel_tree=None, ...)",,OutlierCleanerTransformer(),,pca,12,,5,random_forest,0.8522427440633246,0.8483432455395072,0.8571428571428571,0.8592677345537758,0.8481012658227848,0.8170731707317073,0.881578947368421,0.9244851258581237,0.8647935704235342,0.8003092145949289,0.7966791979949875,0.826530612244898,0.8409535400735427,0.809049680478252,0.8250016102758974,26,1,0.9629629629629629,12,2,0.8571428571428571,38,3,0.926829268292683,"outlier=OutlierCleanerTransformer();scale=None;reduce_pre__method=pca;reduce_pre__n_components=12;select__method=random_forest;select__k=5;reduce_post__method=None;clf=XGBClassifier(base_score=None, booster=None, callbacks=None,
              colsample_bylevel=None, colsample_bynode=None,
              colsample_bytree=0.6, device=None, early_stopping_rounds=None,
              enable_categorical=False, eval_metric=None, feature_types=None,
              feature_weights=None, gamma=5, grow_policy=None,
              importance_type=None, interaction_constraints=None,
              learning_rate=0.1, max_bin=None, max_cat_threshold=None,
              max_cat_to_onehot=None, max_delta_step=None, max_depth=4,
              max_leaves=None, min_child_weight=5, missing=nan,
              monotone_constraints=None, multi_strategy=None, n_estimators=100,
              n_jobs=None, num_parallel_tree=None, ...)",0.6,5.0,0.1,4.0,5.0,100.0,1.0,1.0,1.0,9.0,9.0,7.0,8.333333333333334
eurasian_otter,xgb_hist,0.8013930238270696,0.04345635472547534,0.8008303221921107,0.06798434875483618,-0.4613741908606574,0.09803084894635405,0.7419457230603351,0.11203271908414038,0.7285346700083543,0.17740695630148212,0.836190476190476,0.18104258403359166,0.8993439435883243,0.04304394308906265,"XGBClassifier(base_score=None, booster=None, callbacks=None,
              colsample_bylevel=None, colsample_bynode=None,
              colsample_bytree=0.8, device=None, early_stopping_rounds=None,
              enable_categorical=False, eval_metric=None, feature_types=None,
              feature_weights=None, gamma=5, grow_policy=None,
              importance_type=None, interaction_constraints=None,
              learning_rate=0.1, max_bin=None, max_cat_threshold=None,
              max_cat_to_onehot=None, max_delta_step=None, max_depth=4,
              max_leaves=None, min_child_weight=5, missing=nan,
              monotone_constraints=None, multi_strategy=None, n_estimators=300,
              n_jobs=None, num_parallel_tree=None, ...)",,OutlierCleanerTransformer(),,,5,FeatureScalerTransformer(),23,random_forest,0.8839050131926122,0.8826253186066271,0.9047619047619048,0.9038901601830663,0.8947368421052632,0.8947368421052632,0.8947368421052632,0.9316361556064073,0.8713447570250303,0.8725572047000619,0.8894110275689222,0.8299319727891156,0.8776679517153925,0.8583487940630798,0.8680083728892362,27,0,1.0,13,1,0.9285714285714286,40,1,0.975609756097561,"outlier=OutlierCleanerTransformer();scale=FeatureScalerTransformer();reduce_pre__method=None;reduce_pre__n_components=5;select__method=random_forest;select__k=23;reduce_post__method=None;clf=XGBClassifier(base_score=None, booster=None, callbacks=None,
              colsample_bylevel=None, colsample_bynode=None,
              colsample_bytree=0.8, device=None, early_stopping_rounds=None,
              enable_categorical=False, eval_metric=None, feature_types=None,
              feature_weights=None, gamma=5, grow_policy=None,
              importance_type=None, interaction_constraints=None,
              learning_rate=0.1, max_bin=None, max_cat_threshold=None,
              max_cat_to_onehot=None, max_delta_step=None, max_depth=4,
              max_leaves=None, min_child_weight=5, missing=nan,
              monotone_constraints=None, multi_strategy=None, n_estimators=300,
              n_jobs=None, num_parallel_tree=None, ...)",0.8,5.0,0.1,4.0,5.0,300.0,1.0,1.0,0.9,3.0,1.0,14.0,6.0
eurasian_otter,xgb_hist,0.791228840184625,0.04638806027099943,0.7878295989163995,0.04476584068796505,-0.4711305023207607,0.09543321949606798,0.7148584760852214,0.1334777549140904,0.7280547522652785,0.19849156925441608,0.7619380725263079,0.12567658238128285,0.8814590726546727,0.033081372225995775,"XGBClassifier(base_score=None, booster=None, callbacks=None,
              colsample_bylevel=None, colsample_bynode=None,
              colsample_bytree=0.8, device=None, early_stopping_rounds=None,
              enable_categorical=False, eval_metric=None, feature_types=None,
              feature_weights=None, gamma=5, grow_policy=None,
              importance_type=None, interaction_constraints=None,
              learning_rate=0.1, max_bin=None, max_cat_threshold=None,
              max_cat_to_onehot=None, max_delta_step=None, max_depth=4,
              max_leaves=None, min_child_weight=5, missing=nan,
              monotone_constraints=None, multi_strategy=None, n_estimators=300,
              n_jobs=None, num_parallel_tree=None, ...)",,,,pca,12,,2,random_forest,0.8443271767810027,0.8392523364485982,0.8630952380952381,0.8647025171624714,0.8535031847133758,0.8271604938271605,0.881578947368421,0.9145451945080091,0.8610542541842179,0.7760745207173779,0.8041979949874687,0.826530612244898,0.8411545634653557,0.792893217893218,0.8170238906792868,25,2,0.9259259259259259,12,2,0.8571428571428571,37,4,0.9024390243902439,"outlier=None;scale=None;reduce_pre__method=pca;reduce_pre__n_components=12;select__method=random_forest;select__k=2;reduce_post__method=None;clf=XGBClassifier(base_score=None, booster=None, callbacks=None,
              colsample_bylevel=None, colsample_bynode=None,
              colsample_bytree=1.0, device=None, early_stopping_rounds=None,
              enable_categorical=False, eval_metric=None, feature_types=None,
              feature_weights=None, gamma=1, grow_policy=None,
              importance_type=None, interaction_constraints=None,
              learning_rate=0.1, max_bin=None, max_cat_threshold=None,
              max_cat_to_onehot=None, max_delta_step=None, max_depth=6,
              max_leaves=None, min_child_weight=5, missing=nan,
              monotone_constraints=None, multi_strategy=None, n_estimators=200,
              n_jobs=None, num_parallel_tree=None, ...)",1.0,1.0,0.1,6.0,5.0,200.0,1.0,4.0,0.7,6.0,6.0,10.0,7.333333333333333
eurasian_otter,xgb_hist,0.8022864899777206,0.06079101078717018,0.7949990500851333,0.06045078849830471,-0.4680355840038546,0.07562236612129694,0.7340461312511227,0.1441168266697317,0.7188964474678761,0.1999738317787928,0.8097206450147626,0.13384535256732102,0.8847698084434097,0.036762768386570124,"XGBClassifier(base_score=None, booster=None, callbacks=None,
              colsample_bylevel=None, colsample_bynode=None,
              colsample_bytree=0.8, device=None, early_stopping_rounds=None,
              enable_categorical=False, eval_metric=None, feature_types=None,
              feature_weights=None, gamma=5, grow_policy=None,
              importance_type=None, interaction_constraints=None,
              learning_rate=0.1, max_bin=None, max_cat_threshold=None,
              max_cat_to_onehot=None, max_delta_step=None, max_depth=4,
              max_leaves=None, min_child_weight=5, missing=nan,
              monotone_constraints=None, multi_strategy=None, n_estimators=300,
              n_jobs=None, num_parallel_tree=None, ...)",,OutlierCleanerTransformer(),,,8,FeatureScalerTransformer(),13,forward,0.8548812664907651,0.8513735485698102,0.9047619047619048,0.9050343249427918,0.8961038961038961,0.8846153846153846,0.9078947368421053,0.9467963386727688,0.8604076385879119,0.8226306431663575,0.8818922305764411,0.8537414965986395,0.8679272457838971,0.8330009276437849,0.850464086713841,26,1,0.9629629629629629,14,0,1.0,40,1,0.975609756097561,"outlier=OutlierCleanerTransformer();scale=FeatureScalerTransformer();reduce_pre__method=None;reduce_pre__n_components=8;select__method=forward;select__k=13;reduce_post__method=None;clf=XGBClassifier(base_score=None, booster=None, callbacks=None,
              colsample_bylevel=None, colsample_bynode=None,
              colsample_bytree=0.6, device=None, early_stopping_rounds=None,
              enable_categorical=False, eval_metric=None, feature_types=None,
              feature_weights=None, gamma=5, grow_policy=None,
              importance_type=None, interaction_constraints=None,
              learning_rate=0.03, max_bin=None, max_cat_threshold=None,
              max_cat_to_onehot=None, max_delta_step=None, max_depth=8,
              max_leaves=None, min_child_weight=3, missing=nan,
              monotone_constraints=None, multi_strategy=None, n_estimators=300,
              n_jobs=None, num_parallel_tree=None, ...)",0.6,5.0,0.03,8.0,3.0,300.0,1.0,2.0,0.8,2.0,4.0,11.0,5.666666666666667
