id,species,individual_id,trail,sex,v1,v2,v3,v4,v5,v6,v7,v8,v9,v10,v11,v12,v13,v14,v15,v16,v17,v18,v19,v20,v21,v22,v23,v24,v25,v26,v27,v28,v29,v30,v31,v32,v33,v34,v35,v36,v37,v38,v39,v40,v41,v42,v43,v44,v45,v46,v47,v48,v49,v50,v51,v52,v53,v54,v55,v56,v57,v58,v59,v60,v61,v62,v63,v64,v65,v66,v67,v68,v69,v70,v71,v72,v73,v74,v75,v76,v77,v78,v79,v80,v81,v82,v83,v84,v85,v86,v87,v88,v89,v90,v91,v92,v93,v94,v95,v96,v97,v98,v99,v100,v101,v102,v103,v104,v105,v106,v107,v108,v109,v110,v111,v112,v113,v114,v115,v116,v117,v118,area1,area2,area3,area4,area5,area6,area7,area8,area9,area10
1350,panthera_tigris_tigris,sund_01,sund_01_a,unknown,3.138827726,4.394015548,4.640036303,3.460456268,2.455389263,2.768865356,2.792390548,2.443764938,2.439036591,6.607815765,1.845585942,2.471633746,1.577118205,5.774480115,6.426674058,6.679749617,6.234107083,4.186152418,2.24052164,4.119347436,2.560402181,3.97873585,1.850173892,1.432220899,3.841605073,3.051555366,3.747658445,3.939866605,3.250839036,1.600850167,1.655676659,2.88083582,4.059166843,3.470449584,5.132236273,6.663715934,5.83295769,3.461101801,3.693732873,4.303607857,5.990340381,5.758411778,4.682871861,3.068930482,3.561299429,4.727774815,6.753994252,8.015108098,8.540751483,7.783629316,5.923554877,2.047985229,1.899425964,2.375092652,1.609958236,2.503806553,2.765528032,3.000692547,2.126519955,1.942691319,3.374888479,3.49893891,2.166673573,2.107252003,2.040455846,1.808518825,2.513623033,5.829922337,5.551194567,3.41947837,3.625629417,3.8758602,2.882929865,1.354520128,1.016244856,3.731268562,5.459383341,6.166353845,4.280961351,4.987909097,96.87481803,78.07820298,46.04162668,37.0835553,89.96560315,89.2494432,93.12796771,94.65105054,28.32521968,33.15847422,35.3131576,126.3815932,110.7170434,29.65441435,30.8808244,30.35103411,5.570983998,5.531751716,5.453287153,1.333897577,4.825570646,4.982499773,6.120235941,8.003770083,3.610222689,4.904035209,7.690427897,7.286016725,6.007152886,4.528737783,8.984963411,11.10273571,11.62573719,9.268870447,7.394842809,10.39921914,11.47314523,10.07872658,84.88610128,3.744805295,6.033553948,6.478374634,4.171155918,22.02939818,42.85824227,13.77558873,15.68493151,56.73464676
1351,panthera_tigris_tigris,sund_01,sund_01_a,unknown,3.548412463,4.044175432,3.795397035,3.327877534,2.408514209,2.412439156,2.430857119,2.62159038,2.485292196,7.732973963,3.016641236,2.590211591,2.463168708,6.682202888,6.979298082,7.666005348,7.044928761,4.986583604,1.992714478,5.142818076,2.523187272,4.904786275,1.989074142,1.389696561,2.855847778,3.815109826,3.603031348,3.652766653,4.111129944,1.871702648,1.775729156,3.441876763,3.856161163,3.795397035,4.53789913,7.438726293,6.888954626,4.059411099,3.724672757,4.866610173,6.433814826,6.336978636,4.581250805,3.562303568,3.995200941,5.890459958,8.397028207,9.468850718,9.331974262,7.85918399,6.555187389,2.105505004,2.04427397,2.400645063,2.028344319,2.159066173,2.887765596,2.307636858,2.121173797,1.757366965,2.731669978,2.499121325,2.057782898,1.646177057,2.469744476,1.367689148,2.71603975,6.049166917,6.770913691,3.740843893,3.654824249,3.800699022,3.634747952,0.99832969,1.455402406,3.508609354,5.517057766,6.694030089,4.265038443,5.882811646,107.8937092,98.46555684,33.88943344,38.21685732,82.95565089,88.38165757,85.01460439,107.1298254,32.33874618,27.98274977,28.35251819,111.1023456,111.4605959,31.28328779,21.67785138,22.57516469,7.021869005,4.411645448,5.51455681,2.426404996,4.2645906,4.044008327,7.389506125,9.707360536,2.506681346,5.588084234,9.474059244,9.086662939,7.134149652,5.185117249,9.597089402,11.43351445,12.21108785,10.14785009,8.54754329,11.11614532,12.49641782,12.17317511,96.84340704,4.246634589,4.825782559,4.575066227,3.752635563,28.9344218,55.16299941,13.04062821,19.77617992,55.99826999
1352,panthera_tigris_tigris,sund_01,sund_01_a,unknown,3.30803109,3.845508031,3.848026098,2.960887429,2.227561276,2.229299974,2.372980798,1.825765438,2.607655208,7.960517594,2.30450435,2.806828624,2.551833885,5.886885578,7.190605651,7.932725868,7.434340023,4.87114856,2.319457091,5.091699606,2.841026261,4.812949973,1.794930249,1.376454811,3.407934238,3.228203002,3.730955498,4.081428245,3.876116694,2.116669877,2.262937582,2.983050395,3.551116046,3.909294708,4.806129311,6.802116704,6.290750296,3.287011701,4.152956315,5.434571247,6.709917292,5.580675724,4.981868697,4.166290572,4.187981738,5.780619367,8.310640522,9.626557542,8.655256668,8.158187681,6.626692592,1.966094271,1.963793784,2.283108538,1.755072943,1.970031714,2.587768128,2.459833869,1.904701171,1.840911432,2.73339667,2.572751939,1.941969501,1.80011939,1.711859933,1.236593133,2.186008475,6.040216684,6.325249588,3.24778702,3.788353843,3.982199864,2.63439198,0.852256644,1.568865411,4.002583421,4.495627962,6.581599336,3.378788513,5.85896306,93.64745264,78.82101547,46.35319195,39.9993554,86.99564928,89.39878711,86.72242676,96.70886968,26.23591698,28.01677982,30.58502096,105.6159827,107.0322381,21.84895349,23.45731499,25.55790625,6.576609705,4.959410597,4.492219744,2.587518573,3.989091133,4.528157502,7.007862801,8.876626214,2.192203235,5.031286113,9.360527006,9.036041671,7.298285329,5.029360508,9.058097456,11.5360203,11.0772273,9.237751574,8.264434226,11.1144743,12.52867765,11.43577631,91.48240946,3.645322106,4.285271478,4.555199669,2.601126208,27.40610632,54.82835667,14.66200858,17.05390815,52.61727024
1353,panthera_tigris_tigris,sund_01,sund_01_a,unknown,3.171826952,3.594225915,3.684043477,3.084065091,2.120319394,2.464119628,2.167790053,2.2168683,2.847363579,8.137829212,2.411634782,2.956982891,2.796664625,5.707988521,6.715439442,7.453863367,6.524887261,4.339860029,2.375579414,4.445591408,3.00827196,4.230556721,1.952048374,1.171398052,3.355176026,3.281241605,3.845480028,3.914284586,3.344442733,1.890943132,2.189679388,2.933087289,3.78634341,3.487627478,4.806479478,6.427900248,6.104914242,3.400519471,3.930202622,5.580326941,6.402186301,5.954001542,4.865141873,4.276611481,3.62148392,5.707377136,8.37840936,9.202527835,8.844684946,8.127244995,6.494420973,2.111523631,1.747062541,2.030648041,1.712770119,1.957142293,2.653455897,2.09159793,2.034082059,1.965445358,2.441594126,1.924780699,2.198956048,1.769883634,1.931717955,1.230170151,2.563602937,6.195789675,6.608847405,3.376754752,3.710018955,4.117104417,2.858977198,0.859908456,1.485447489,3.598166845,4.80909644,6.48034272,3.720512167,5.631967959,88.15238973,87.20105272,43.68259129,48.16501898,91.55415537,86.65506292,92.61506706,98.63734648,29.21436001,30.93681251,31.64035898,107.0501254,106.9035842,24.57266832,24.82351072,25.80028798,6.514182236,4.570159265,4.808898928,2.421502297,4.058574272,4.467842266,6.616499234,8.867538788,2.421742466,4.945321592,8.685970633,8.834947578,7.003712935,4.858112417,8.802499989,11.0843415,11.28943916,9.352480125,7.956275181,10.59276091,12.05127466,10.95561912,86.80179132,3.29940677,4.365476329,3.910666512,3.112132139,27.07979528,51.68198209,15.23845528,18.15342561,51.48482029
1354,panthera_tigris_tigris,sund_01,sund_01_a,unknown,2.916582059,3.815145232,3.759404542,3.052689308,1.934606893,2.355336969,2.666198437,2.366736126,2.885269933,7.936419959,2.708139101,2.796452818,3.285185527,6.317290287,7.400764595,7.818226236,7.599143136,5.127610851,2.273153744,5.178253713,2.639972523,5.032119274,1.645351112,1.316480569,3.407825427,3.248627979,3.358358961,4.600108166,4.219618176,2.088876235,2.091290657,3.068353388,4.093558412,3.713937999,4.900050652,7.247345181,5.978705899,3.247003711,4.054331918,5.272648653,7.181974589,5.917021723,5.077786877,4.11825396,4.404178968,5.667744931,7.789774282,9.711303108,9.11203331,8.527078237,7.017159361,1.717681023,1.669509818,2.002538381,1.607920813,2.288690291,2.436427834,2.429514007,1.843331344,1.800865333,2.560640679,2.504180763,2.380908325,1.888407226,2.030897271,1.454681929,2.309177697,6.57497771,6.247272277,3.55494886,3.498591905,4.508475159,2.813188277,1.251717953,1.006218164,4.454716467,5.019811283,6.747943036,4.231347076,5.792426579,102.8379974,88.78909691,47.30555727,29.85644535,90.50994534,86.05344533,80.39299961,98.88475236,25.88282617,25.30529397,34.68263668,111.4729932,107.8552023,22.46142353,21.50404312,28.0542161,6.480146288,5.126698013,5.003657261,1.968652037,4.757575756,4.183385579,7.423458723,9.433926749,2.300054083,5.331765933,9.77139496,8.827929846,7.315264538,5.104337861,9.52584086,11.6068443,11.76775432,10.02377365,7.979224146,11.11732946,12.39913298,11.94854596,95.59958956,2.793150431,4.47021817,4.965600767,3.48702249,29.53035375,57.32812999,14.19115544,18.67651264,53.80494205
1355,panthera_tigris_tigris,sund_01,sund_01_b,unknown,2.803608673,3.602722907,3.790149412,3.387866929,2.075154061,2.551787953,2.319451578,2.056915518,2.936287427,7.902411363,2.400132653,2.518409359,2.297976037,6.122239814,6.707090251,7.272294554,7.103062702,4.815873206,1.891217045,4.967787902,2.304506652,4.757992875,1.649220817,1.344044531,3.011737717,3.378487651,3.14815607,3.872795583,4.180936947,1.908197987,2.123958255,3.096067843,3.678983305,3.568985524,4.53134567,7.566681824,5.890670814,3.190889464,4.299950726,5.910898699,7.531656989,5.603066472,4.727828935,4.385839232,4.72537652,5.627576697,7.847088892,9.487836374,8.960133886,7.854162288,6.565738288,1.724776095,1.78319569,2.000211534,1.465777828,2.189250567,2.612464908,2.228753627,1.871821375,1.840120462,2.706427189,2.163736787,2.158536592,1.796124259,2.141625924,1.496132112,2.400958813,6.350258216,5.870435626,3.490923716,3.331751561,4.026598996,3.107520442,0.783280655,1.391024769,3.845193528,4.879483082,6.627357619,3.751950264,5.973979061,111.6809952,97.13910709,36.15322421,32.16578058,86.5697385,91.85719208,85.69283076,102.8519372,30.09681711,25.62039551,31.22934821,110.8104858,106.0574062,28.50811431,21.16878821,25.354579,6.363257735,4.617907042,4.872437351,2.290772785,4.32701526,3.999762005,6.981402772,9.019477796,2.479255232,4.508822623,9.038514284,8.302288561,6.781682747,4.991199914,9.127019394,10.98116478,11.5068407,9.725929326,7.681915131,10.31974215,11.77404477,11.67401491,88.37097073,2.879657297,4.594494539,4.285109871,3.263082741,23.77039427,51.20448476,11.56754899,15.52211968,49.68598778
1356,panthera_tigris_tigris,sund_01,sund_01_b,unknown,3.256739124,3.702010722,3.711514241,2.836117842,1.842560723,2.416386397,2.433033585,1.963275982,2.589954251,7.636769305,2.413955424,2.990539767,2.913974013,5.527151069,6.610334099,7.672435624,7.527099295,4.605215154,2.005118945,4.903220038,2.769215586,4.574476375,1.709361306,1.399619213,3.197130281,3.067108422,3.584366891,4.122940085,4.040954893,1.754836806,1.921716465,2.720146794,3.690693508,3.659741657,4.405038621,6.77428103,5.976783354,3.449843894,4.122030836,5.65068725,6.673156122,5.650095492,4.75396881,4.354224165,4.172000104,5.277598269,7.943144411,9.52373159,8.39721924,7.724676359,6.52563573,1.868271195,1.816486382,1.991114728,1.807169967,2.178396071,2.497632045,2.134493561,2.062092964,1.831374214,2.743519182,2.077693615,2.191495788,1.977429929,1.733799882,1.264873931,1.972227135,5.759672907,6.048190179,3.322434212,3.587565973,3.923848706,2.566368488,0.613974297,1.689635634,4.21124134,4.062709694,6.707303741,3.219570403,5.979202176,100.7164786,88.42724512,43.0802099,36.20331148,89.70711133,82.49644078,81.32118202,92.51508327,27.46168838,27.81468649,31.45924933,108.0324273,105.8535597,22.94091186,21.97707305,25.63820835,6.283155974,4.712366981,4.061064227,3.141577987,3.56300918,4.405871567,6.589651388,9.119526253,1.654525294,4.635743127,9.518798452,8.769415065,6.690890346,4.547514341,9.081219759,10.99552295,10.77001344,9.198772579,7.780717489,10.37659279,12.18259028,11.23434783,85.35939174,2.992117894,4.462857227,4.362312672,2.762406611,24.42498789,50.97535558,12.63779007,15.25708582,48.94318132
1357,panthera_tigris_tigris,sund_01,sund_01_b,unknown,2.901258428,3.111111251,3.4152929,2.825768095,1.934172285,2.142384421,2.506410634,1.981491589,3.220090807,7.452402389,2.352797147,2.945324586,2.901258428,5.809355416,6.725405469,7.240057308,7.223586668,4.577365024,2.148040445,4.73411338,2.505943928,4.478606314,1.688946411,1.175437287,2.948856718,3.120173309,3.7537443,4.078194221,3.955183119,1.574582381,1.714092854,3.011972674,3.447690441,3.957190317,4.406188228,6.705434697,5.906355403,3.46889482,4.500567035,5.827538547,7.431103157,6.106805508,5.319892745,4.204980009,4.354780002,5.448039168,7.812611502,9.486079615,8.594417803,7.930974162,6.244869429,1.982826976,1.672934036,1.643133844,1.690770776,1.992592469,1.936451805,1.71460752,1.9236517,1.636138318,2.76133666,1.954592265,2.075444457,1.841157358,1.605105761,1.339638752,2.1328911,5.975120026,5.974086281,3.279445592,3.796303554,3.939852569,2.751856939,1.029429608,1.456027578,4.131873652,4.959486379,6.724727293,3.906846166,5.8392647,102.1280541,95.84039518,45.63587269,32.23607325,91.46193614,86.65085262,84.03316767,96.14493164,27.60667785,30.90393101,32.75439204,113.0982979,111.9770177,25.45614239,26.41872882,26.48401052,6.175108037,4.284768842,4.956889445,2.52045226,4.200753767,3.906701003,6.553175876,9.076058803,2.612922871,4.284768842,9.144241094,8.237120088,6.56514786,4.596323414,9.369187776,10.45987688,11.68421367,9.746110866,7.431654631,9.668124002,11.34918975,11.00645586,84.07418518,2.795179022,3.329862888,4.058656408,2.757239408,22.28378831,50.47380402,13.78884399,14.51057898,48.32801002
1358,panthera_tigris_tigris,sund_01,sund_01_b,unknown,2.759684767,3.303028669,3.473936028,3.067527801,1.932873296,2.260861072,2.272195403,2.306818885,2.771627489,7.957735423,2.337164751,2.87586115,2.911877395,6.391466103,7.476763867,7.705341876,7.652291597,5.178774314,2.297989553,5.264680658,2.440661217,5.073041169,1.656490506,1.203550131,2.948144248,3.279165281,3.565071821,4.35789018,4.289134703,1.854976006,2.107279693,3.38555127,3.770589946,3.76435563,4.659230686,7.332536579,6.13457703,3.506626122,4.630654106,5.686140411,7.530758961,5.855556501,5.346715329,4.406184125,4.898659931,6.000176155,8.046797988,9.915158068,9.16742231,8.593400827,6.798904283,1.767857777,1.55585751,1.920301009,1.463982619,1.860112811,2.115622635,2.043622276,1.986803397,1.801173835,2.285080084,2.314759765,1.923737963,1.90572109,2.005555912,1.456442744,2.276068466,6.288312352,5.999564485,3.502024723,3.63384094,4.306206319,2.846537267,1.061539725,1.387455074,4.321402493,4.791303057,7.052798099,3.833203313,6.209789367,103.9877083,95.81253942,44.84340701,31.16888469,88.1805909,85.78081807,82.80347443,99.57294073,25.86606884,27.10827758,32.96723683,108.309097,110.0566284,23.52944556,24.16538982,27.21283212,6.704980843,4.291187739,4.789272031,2.45210728,4.597701149,3.946360153,7.049808429,9.387676883,2.454799767,4.636015326,9.523905466,8.621285633,7.362106602,5.29581754,9.61693456,10.99616858,11.84410116,10.04299268,7.957643187,10.66332466,11.88857464,11.78888042,92.54781932,2.607125556,3.728659297,3.94591976,3.431394137,25.38424274,57.18941296,14.87133189,16.1668208,50.55783092
1359,panthera_tigris_tigris,sund_01,sund_01_b,unknown,2.723602857,3.614190975,3.630966211,2.860826388,1.874656637,2.240577575,2.454681535,2.273435049,3.062534893,8.034025573,3.225357875,2.768611736,3.452104247,6.485748283,7.051375878,7.433649598,7.226814357,4.980686846,2.070689033,4.936672377,2.49697722,4.803008327,1.533925098,1.250828247,3.305136961,3.190359675,3.620170731,4.406989415,3.683350807,1.87904694,1.949003768,3.147782805,3.550940622,4.076002168,4.933848823,6.440008895,5.86618102,3.308414272,4.544695802,5.762526158,7.559926001,5.919200905,5.410507186,4.301908055,4.600342513,5.596615007,8.055535035,10.00504569,8.951385769,7.907778436,6.211566072,1.737204848,1.561737619,1.775325274,1.525032824,2.469323992,1.876304205,2.228131106,1.889433024,1.836354655,2.517653557,2.444168932,1.9990934,1.825666637,1.772422042,1.670096449,2.042418493,6.2767227,6.071189678,3.39470823,3.821493464,4.401473726,3.037870955,1.410832375,1.05513404,4.256072997,5.403560381,6.538762142,4.495636526,5.403845925,107.8137512,85.71135052,38.50361842,33.68263038,89.88899623,96.14841701,88.93415497,92.88414799,26.84666871,28.79106396,34.95152276,106.142231,116.940699,24.23464589,22.96374327,26.40509182,6.308803791,4.720256074,5.401062238,1.588547717,4.947191462,4.357159453,6.671900412,9.758221691,2.178579726,4.584094841,9.909049984,8.824840032,7.006829939,5.008644472,9.759910367,11.02905986,11.94232252,9.899482451,7.68544091,10.51276808,12.03271264,11.69331796,91.92794166,2.528633817,3.925304878,4.449571523,3.238299275,26.21127225,55.05623764,13.5773731,15.10382334,51.77467864
1360,panthera_tigris_tigris,sund_02,sund_02_a,unknown,3.513495482,4.054408847,4.360109672,3.457836517,2.484760972,2.467014922,2.905452595,2.690077928,3.143364725,8.792682731,2.828427125,2.228591285,2.611944472,6.569110267,7.003972787,7.603663056,7.051714414,4.770191344,2.233781444,5.080005973,2.523657083,4.708242446,1.982533612,1.450697694,3.243076682,4.094462354,3.991431622,3.34561693,3.072681154,3.250106988,3.04750781,2.413703153,4.442435748,4.716196635,4.11545225,6.530516535,5.916586131,3.426207472,3.415838947,5.78036817,7.090131113,6.508808992,4.496226785,3.825066901,3.997787766,5.621742994,8.629776273,9.899062622,9.477836599,7.583223469,5.523855669,2.305361858,2.110769883,2.225003807,1.959650031,2.399239061,2.43605818,2.254303224,2.405177487,2.357251234,2.80716426,2.402566388,2.872864834,1.934741318,2.318196948,1.588115635,2.799836963,6.812005849,7.090770759,4.303333223,4.349580894,3.583349504,3.811192193,0.851418645,1.828422095,3.34099427,5.981862714,7.029533585,4.628140681,6.046986729,103.0776209,88.86260445,35.50704114,41.41533795,88.46472932,88.06079204,78.75049284,105.6994384,34.92821867,31.37246821,26.04312394,112.9509871,114.8318863,32.46271098,24.50186815,20.46602897,7.060448192,4.864615022,5.979422632,3.513333072,3.513333072,4.493012486,7.432050729,9.832027203,3.180001705,6.182114924,9.501407659,9.296940119,7.427519482,5.33382071,9.832027203,11.92506321,13.0113963,10.67512741,8.706335929,11.43256604,13.34596168,12.28050657,103.8151213,4.337232525,4.996291013,6.219115549,4.314407989,37.29129815,56.68987161,15.13837375,21.28901569,62.7874465
1361,panthera_tigris_tigris,sund_02,sund_02_a,unknown,3.567761086,4.55926241,4.817276437,4.287319758,2.49043637,2.575804735,2.91337402,2.97079724,2.798373417,8.896834155,2.800063329,3.670827701,2.842460096,6.222155127,7.786914697,8.554519098,7.134953913,4.755629686,3.03128501,4.87804956,3.676469538,4.680501898,2.352145047,1.509269762,4.509112879,4.036119344,3.832051054,4.613631596,2.985999036,2.681717652,2.573705037,2.098095733,4.843438091,4.05949217,5.248427056,7.272571382,5.648308689,3.960099251,4.394949419,5.661104359,6.284925726,6.614996858,5.417090927,4.480613285,3.541078895,5.561863723,8.297555276,9.336037977,9.698031682,8.826370924,7.047854182,2.389625136,2.118609225,2.321053058,1.855735744,2.416621051,2.827920563,2.959401735,2.284073492,2.286734721,3.321147087,2.831741433,2.79426509,2.582093586,2.584186469,1.847341184,3.360791903,6.556380065,6.956945188,4.24801903,3.931344607,4.402263067,3.256403242,0.898148984,1.320799625,4.010262966,5.609379675,7.048628407,4.278386652,5.790575038,82.47625735,73.77257347,54.19574873,43.32799392,91.10526977,90.25784538,88.02191225,96.57234108,31.0010342,26.59416488,32.63330603,120.058253,102.7882977,27.05912896,22.34715045,28.30040155,7.021821553,6.507133062,5.588046471,2.426388599,4.595432953,5.404229153,8.124725461,9.838125423,2.871318299,6.323315744,9.316256294,9.535991768,7.579427994,4.651704166,9.485614817,13.52895461,12.65800808,10.06896169,8.14823006,12.08646043,13.88588677,12.29730989,112.641744,4.371595778,5.861682142,6.876697888,6.054954115,37.58801984,62.28155537,20.08001189,20.02121937,72.00800119
1362,panthera_tigris_tigris,sund_02,sund_02_a,unknown,3.433907779,4.220616002,4.363687731,3.583225666,2.30696231,2.790815689,2.969600127,2.626691351,2.911298759,9.445240239,3.124938431,2.701840563,2.898968289,6.61010355,7.057983753,7.389779447,6.516932956,4.184869125,2.873114627,4.11135931,3.278420137,3.952173398,2.003490435,1.502325223,3.987749255,4.027824926,4.381389204,4.451634943,2.741793405,2.649001168,2.49992004,1.808669429,4.566263725,4.39654674,4.914935587,6.296781676,5.129176354,4.226939833,3.960400156,5.168084995,6.294349204,7.054447161,5.350026648,3.770691934,3.393898455,4.879406725,8.128769195,9.849698854,10.50932213,9.000238097,6.512710904,2.196162689,1.917174513,2.153514694,1.995965995,2.440882945,2.619863697,2.680686615,2.382530935,2.35878598,2.999605509,2.883702887,2.346550825,2.38601868,2.196162689,1.951566036,2.367448064,7.017992794,6.885675333,4.159167196,4.37093898,4.258368178,3.922001921,1.336159714,1.174147251,4.048244577,6.366920554,6.295382121,5.222150026,5.007541121,92.58863992,76.671956,47.75089442,39.66046566,89.98981626,90.58662571,90.58662571,85.97974393,34.07746321,35.211582,36.66289523,124.8896545,99.32552093,37.61821158,29.90286166,29.02497271,6.223620206,5.544029494,6.366691935,2.110308001,4.18484807,5.436725698,6.330924003,9.426597652,3.311191091,5.47249363,9.083223957,8.570581725,6.459751935,4.294535733,10.48055346,11.7676497,12.66230268,10.22969115,7.458364356,10.65770349,12.32100137,10.84482289,102.8337491,3.935265144,5.887545577,6.47732361,4.70031344,33.72417322,57.10100429,20.74841681,19.92835668,67.50847566
1363,panthera_tigris_tigris,sund_02,sund_02_a,unknown,2.974769541,3.820743657,3.984679345,3.268911195,1.926471829,2.579886723,2.543331456,2.395011779,3.157685293,8.206789943,2.849688132,2.480880154,3.006082904,6.93638714,7.207857467,7.346638302,6.389307494,4.867897223,2.339960244,4.943302286,2.403336016,4.748387876,1.570850917,1.530772939,3.203605613,4.151353751,3.632890021,3.210650652,3.448026495,2.214631967,2.702762329,2.537155502,4.72250788,3.82651353,3.957146955,6.705228748,5.391902986,3.781890024,4.187391502,5.647574026,6.375813575,6.714554049,4.931421222,3.91834783,3.310512251,5.224078936,7.654116025,8.641240263,9.767460809,8.059770248,6.10233107,1.598209046,1.891804059,2.156988497,1.462035667,2.235782931,2.475538753,2.562726692,1.961026739,1.954766662,2.749876763,2.479298717,2.274048817,1.641788051,2.386604246,1.65960827,2.298708028,6.47520686,6.139415963,4.442455541,3.712990822,3.392454221,3.983447384,1.120889515,1.327457991,2.900060299,6.020002618,5.643752455,5.107189402,4.762532449,100.6750655,87.81993217,35.61448174,43.71045272,89.42321634,88.48402539,85.8187958,99.94887637,34.06654669,28.88818337,25.84726554,125.357215,99.34052816,35.07895563,24.56736161,21.57533754,6.20004599,5.041451537,6.012165808,2.223248814,3.413156631,4.446497629,6.794999898,8.487365752,3.166522767,5.072764901,8.563618152,8.589513052,7.145281434,5.238324235,9.331855189,11.24149753,11.66375507,9.869721851,8.026244872,10.93769111,12.19051404,11.07528483,91.9562489,2.841076226,4.912438962,5.01980664,3.66226737,28.96132803,52.92049889,14.73927794,15.8747279,53.90739905
1364,panthera_tigris_tigris,sund_02,sund_02_a,unknown,3.56642449,4.190184328,4.326532444,3.607907206,2.203079393,2.277570614,2.651941329,2.714909577,2.795667982,8.91407229,2.983372085,2.983605152,3.396862596,6.55005609,7.340588379,7.742770235,7.370744365,5.087921046,2.252667333,5.021301489,2.721468746,4.885271789,2.025506033,1.533822608,3.414303608,3.166101429,3.871564727,4.573574844,3.24162975,2.31692026,2.650105258,2.849862183,3.676824546,4.150835872,5.439670974,6.78389227,6.377939129,2.9958955,3.611884941,5.577778798,7.942955824,5.451641547,4.334168666,3.820515771,5.155931163,5.637902337,8.466057531,10.5679008,9.116462772,8.136614111,6.145515678,2.215354665,1.968022388,2.27604358,1.901899704,2.139997668,2.791187343,2.735322719,1.917919051,2.143893298,2.985469032,2.869315393,2.193590134,1.991903619,2.621349097,1.573799469,2.692534627,7.005070262,6.475532643,3.170419612,3.981532983,4.658722893,2.941541736,1.421639939,1.160856663,4.358381695,5.673296187,6.904998648,4.773424111,5.966780139,101.5344006,91.87676777,43.44894153,35.01665788,96.6048355,94.59425333,90.9877604,97.12501635,25.54371474,29.59220606,35.11989907,103.2427911,115.6062155,23.30701178,24.82587384,27.75904984,6.712587191,5.183608998,5.668406962,1.715438949,5.183608998,4.661518883,7.234677306,9.882490394,2.685293837,5.593822659,9.806134039,8.918049715,7.109609475,5.076391923,9.882420032,11.89619619,12.57829484,10.74020425,8.616020419,11.24078474,12.75587826,12.3193423,106.0655578,3.874502823,4.769421189,5.732484076,4.50588268,34.41506967,58.839318,15.33877562,19.64648291,63.9028732
1365,panthera_tigris_tigris,sund_02,sund_02_a,unknown,3.511086146,3.613223601,3.729224385,3.789875826,2.293259656,2.341493318,2.674628105,2.446316251,2.847097333,9.099879226,3.009699479,2.894597654,3.013596492,6.027192985,6.746895186,7.824858679,7.541387139,3.945752995,2.801142191,4.347131235,3.477727444,3.934304776,1.919054829,1.69768867,3.28119555,4.916448281,3.865653102,4.420854639,2.637595595,3.003193218,2.257893498,1.892724631,4.814794912,4.375107283,4.326293637,6.269172237,5.339426278,4.157211719,3.40435727,5.459959429,7.12861465,6.923483811,4.19564898,3.541692522,4.28159439,5.783979903,8.866011439,10.60975615,9.896180463,7.532563114,5.677386433,2.06527363,2.012924206,2.339344173,1.969135341,2.381019978,2.193358127,2.3491188,1.691913696,2.079566352,2.595087122,2.302987206,2.20479452,2.527222823,2.128178911,1.961457262,2.43119134,6.382172818,7.207939759,4.817376685,4.095045754,4.103912624,4.262105842,0.351968623,1.801787193,4.58435935,5.619284302,7.659619673,4.549766642,6.690833298,99.99517818,97.64746738,39.21170718,40.79311464,88.21221287,91.4245255,83.64394726,95.25033888,44.83295738,29.60178998,33.37551837,115.6234759,118.8582423,42.72423631,21.65857468,25.67190405,6.017913236,5.148659102,5.61671902,3.610747942,4.045375009,4.747464886,6.419107452,10.67262287,2.638443015,5.750450426,10.18934365,9.426048399,7.075216051,4.13541532,11.00022101,11.16657234,13.27890398,11.24059994,7.481566983,10.51265162,12.63779469,12.39547479,103.1157436,4.000447102,4.137931034,4.962834628,4.635332253,34.54423518,57.5711172,20.68741966,19.46906612,67.51299391
1366,panthera_tigris_tigris,sund_02,sund_02_a,unknown,3.503227575,4.01909207,4.159544821,3.631353746,2.37341064,2.570258621,2.987447379,2.899263167,3.205203567,9.101174149,2.879883899,2.635382935,2.766503203,6.186089221,6.947016673,7.39906708,6.776409548,3.888353318,3.058663355,3.982542141,3.416524939,3.737562347,1.931937848,1.62266241,3.756330285,4.209636569,4.479946607,4.457763907,2.240226661,3.033946431,2.663942318,1.549302751,4.705994191,4.720283762,4.691822388,5.821579607,4.902567968,3.272536916,3.702401228,6.084937287,7.497112342,6.4074688,4.713700215,3.996129416,4.292458417,4.856041217,8.135502263,9.925868642,10.04273943,8.473119048,5.802961753,2.094998418,2.093914518,2.104009206,2.170920924,2.451206806,2.675280706,2.290334841,2.181699969,2.256717698,2.958941521,2.161838995,2.785856286,2.038613834,2.685444325,1.914177007,2.568786115,7.324646921,6.367887358,4.372152462,4.613086649,4.551696554,3.856715037,1.045213612,1.402990268,4.277022294,5.992028039,7.159306228,4.785117891,5.991123213,89.7088795,80.57512559,48.74121172,41.54990877,88.51213247,85.98004371,82.89746447,94.4952811,36.81662779,36.21937401,36.32199018,125.2744003,113.0873632,37.39040726,30.00398389,28.38540695,5.952181029,5.485343301,5.991084173,3.151154662,4.00702383,5.251924437,6.185599893,10.04786197,3.147069586,5.602052733,9.291989676,8.773241201,6.690435979,4.21323025,10.58194121,11.43752433,13.15133427,10.7762411,7.445252756,10.70260773,12.51865454,11.44704767,102.6341678,4.15670309,5.16239368,5.97965917,5.046614402,34.18212913,55.72464207,22.47404425,18.60868118,70.04646306
1367,panthera_tigris_tigris,sund_02,sund_02_a,unknown,3.39411255,3.802188471,4.140197935,3.636004809,2.419098055,2.488059983,2.826173497,2.655700164,3.081201926,8.858454289,3.085564448,2.450501123,2.978625923,6.458691064,6.776220786,7.474605977,6.911424427,4.151904065,2.624316721,4.236942426,3.237663552,3.988656482,2.044112458,1.447893245,3.657472897,4.072615215,4.433979814,4.363971561,2.49743231,2.767702475,2.749223543,1.726421436,4.59626628,4.924204262,4.620385763,6.001061853,5.072640478,3.695236543,3.388456406,6.083975175,7.560645972,6.663417281,4.411400729,4.003955857,4.480296258,4.88610093,8.411706971,10.2506637,9.685314127,7.796709086,5.510408494,2.306435782,1.806575992,2.465191299,1.657378247,2.174998729,2.515509414,2.457425086,1.964282841,2.363138756,2.98432483,2.229012242,2.463180188,2.222969393,2.422607386,1.732561662,2.588743502,6.630367253,6.597398254,4.226442973,4.70263071,4.293744278,3.927101799,1.152790891,1.429090825,4.215234385,6.360502296,7.037952245,5.306712719,6.059437928,97.45226842,90.35909673,39.80511017,42.74262141,93.81407483,88.29864539,82.16447489,96.53663365,35.74131117,35.83224259,35.0403932,121.4185127,118.2814853,37.04466816,28.06792012,26.89696552,6.058242392,5.230408028,6.35927307,3.085564448,3.951027647,4.967006185,6.321644236,10.12327556,3.277166918,5.380923367,9.597934881,8.997148024,6.620215755,4.459453516,10.7242179,11.28865042,13.39845454,11.36615065,7.702154623,10.39407592,12.73345534,11.89053316,102.7823009,3.878230088,4.727787611,5.745132743,4.687433628,32.76884956,55.08955752,19.56389381,17.22619469,68.74336283
1393,panthera_tigris_tigris,ranth_02,ranth_02,unknown,3.285531599,4.525504621,4.743403836,3.357527244,1.952620058,3.239907221,2.781002263,2.666226454,2.457807219,9.270226256,2.634884636,3.377917129,3.288599391,7.230720111,8.590455073,9.530893724,7.682161561,5.74173374,2.848721333,5.859918058,3.670975666,5.683837076,1.802568108,1.494327951,4.995786361,4.303046186,3.61682078,4.559332737,3.379054188,2.703428085,2.939322345,3.534090536,5.188684706,4.292543578,5.692816813,6.736259413,6.81788482,4.315911651,4.44128442,6.165219543,6.034160556,6.640165101,5.305034802,5.229310215,3.634503514,7.193768145,9.907228738,10.38444677,9.733100909,8.524972144,7.292088166,1.833658889,1.912616857,2.046517846,1.856560995,2.837072363,2.925567223,3.483316437,1.862758156,1.985541979,3.494739659,2.596146373,2.81071522,1.539554511,2.62264586,1.587465911,2.572362109,6.16273898,7.685161331,4.38211737,3.949929583,4.856614129,3.654760825,0.869999226,1.371933656,3.741665032,5.46072034,6.639739504,4.586866602,5.640606227,87.71073515,68.01940017,40.90581114,51.38345371,90.52824892,90.62446962,82.6937507,99.58028822,30.02177651,22.25394341,28.19030155,97.56920704,111.8122896,27.19680773,18.69097921,25.65720552,7.28266537,6.755834258,5.454251511,2.789105886,3.84276811,6.167023015,7.871476612,9.266029555,2.820095952,6.105042884,9.67510636,10.52065938,8.656441162,6.007358433,9.638358739,14.03849963,12.10045984,10.22747283,9.196742468,13.13642517,15.04962579,12.30758265,118.4187275,3.205762305,7.042016807,6.159903962,3.925090036,38.77166867,70.76446579,18.96566627,21.41560624,68.60072029
1394,panthera_tigris_tigris,ranth_02,ranth_02,unknown,3.583668998,4.02069819,4.305839914,3.67905225,2.556517455,2.845030164,2.397377473,3.027433357,3.058688776,9.861561447,2.229176624,3.318380241,3.268809058,7.029839689,9.088961788,9.669057183,8.164550511,5.721820783,3.367141005,5.892625827,3.776431356,5.635419631,2.140125894,1.473401935,4.337996851,4.229565264,4.415364973,4.746565231,2.909376705,3.512712423,4.134457507,3.085674565,4.682808059,4.605266963,5.399459516,6.571837983,6.634690961,3.851713721,4.9896818,6.221503154,7.170636533,6.609894747,5.798228703,4.517468187,4.134300743,7.06369115,10.0,10.96721212,9.852892848,9.175123986,6.876518471,2.258192957,2.04571128,2.43087644,2.054147239,2.43087644,2.512367051,2.725044673,2.181901409,2.105985811,2.867289995,2.973528155,1.958316447,2.259318845,2.664648372,1.578684113,2.911997845,6.746893635,7.844814977,4.338121806,4.474648473,4.466599305,3.20992035,1.064247432,1.65230581,4.184803922,5.625969647,7.256222216,4.561871255,6.125029937,78.83354581,74.62074825,45.64254255,55.52391164,93.87131656,91.0953662,88.85265781,95.19783327,26.7233343,27.00134643,29.35019264,99.05492837,112.7803825,21.41095977,23.22578783,25.26696543,8.133030045,6.187481681,5.613385443,2.74290425,4.497087201,5.326337324,8.994174403,9.345010993,3.508365902,7.176202981,10.2263185,11.11261257,9.672843855,6.677102186,10.11127751,14.32051173,12.88219186,10.68690119,10.18764988,13.68563768,15.11884325,13.03584944,124.5587712,4.534357357,5.691470424,5.152332028,5.199125172,44.56385738,77.10594578,24.15034841,21.96175169,72.62702813
1395,panthera_tigris_tigris,ranth_02,ranth_02,unknown,3.294649835,4.118689865,4.345885486,3.445914857,2.101205579,2.518349093,2.530909516,2.712344982,2.794206682,9.436664617,2.483627724,2.635719868,3.36323467,6.972339871,8.420190019,9.296505638,7.951948578,5.632818153,2.787371867,5.852946943,3.443558695,5.596267358,1.833682085,1.498404219,4.284591144,4.231679677,3.719609677,4.404757981,3.553392424,3.206400322,3.026696837,3.29168702,4.695841969,4.40608685,5.347884012,6.990019787,6.532042355,4.212201551,4.836733421,6.134413878,6.709514104,6.764780547,5.672726253,4.903439127,3.994312069,7.072378553,9.873232998,10.81898535,9.565086364,8.446741889,7.03697218,2.024583039,1.929582876,1.893083271,1.970115296,2.673942006,2.282172869,2.646433469,2.011771388,2.13985591,2.9068204,2.753225696,2.280462095,1.868441142,2.568222233,1.561813807,2.607808175,6.255449376,7.767036832,4.358712892,4.003693185,4.520745652,3.517275889,0.605996198,1.750301721,3.934815854,5.376914496,7.158798951,4.435627501,6.216125864,90.75282238,78.08932911,46.46365551,42.78352211,95.80526837,96.89707302,87.89327157,98.49968705,30.07795134,23.57584871,28.23663126,99.9577794,111.487741,28.14692564,20.49459092,25.6554191,7.465469996,5.997365018,5.372639495,2.967446233,4.185661002,5.4975846,7.965250415,9.635416587,2.95310867,6.05983757,9.712523136,10.06608082,8.239570735,5.592078643,9.808389662,13.46283501,12.53571345,10.65175336,8.842956121,12.23110629,14.02755745,12.28058477,115.7693434,3.461313299,5.03951605,5.486876768,4.284320422,37.14801444,68.95062933,18.98819397,20.87374378,67.22753439
1396,panthera_tigris_tigris,ranth_02,ranth_02,unknown,3.466938962,3.962173845,4.591258551,3.78141603,2.280323123,2.920649051,2.741203899,2.783626172,2.997824421,9.682081895,2.608549509,2.708196628,3.367730835,7.204738405,8.815283395,9.628565617,8.080055766,5.910241712,2.905041683,6.051172537,3.57739308,5.82527912,2.054350974,1.536596445,4.45090043,3.970007359,4.137014355,4.562677528,2.768901524,3.919018253,3.270180355,3.112188673,4.341825574,4.430921521,5.348850877,6.548522735,6.573362607,3.536026542,4.635361428,6.508844509,7.28729003,6.280581244,5.44561837,5.01870821,4.397047193,6.674084442,9.648471286,10.54735846,9.823311237,8.72110596,6.702526024,1.835933491,2.289864266,2.253876731,1.93480565,2.383861744,2.472527918,2.793204353,2.196559169,2.146102983,3.204177339,2.761805808,2.573206237,2.253393015,2.689819331,1.242859759,3.035047945,6.815425404,7.314953998,4.169497828,4.231901566,4.329951838,3.240934787,1.018278192,1.61849809,3.961401083,5.416893361,6.779424819,4.294438584,5.946145731,84.83803789,76.35969879,45.99201745,49.16994466,90.3533906,90.28518678,88.1593885,95.70374441,26.31876111,25.43455504,28.16188394,98.72492846,107.9748697,23.12423636,22.10113166,25.357566,7.263733174,6.603393795,5.381765943,2.707391456,4.028070215,5.216681098,8.650445871,9.343860553,2.773621916,6.240207136,10.04063344,10.59885846,8.718793191,6.009179059,9.839112152,13.86712697,12.19631818,10.24058432,9.39685211,12.65665789,14.82024312,12.8376582,117.5874549,3.950595751,5.750929328,6.184252123,4.654813426,41.27140724,71.92122791,20.34981959,19.79930886,67.67411946
1397,panthera_tigris_tigris,ranth_02,ranth_02,unknown,3.220661322,3.832701956,4.270293039,3.436806802,2.126217455,3.115848837,2.71395591,2.417726559,3.291484682,9.183480595,2.464768818,2.855076539,3.251020715,7.065064542,8.668371801,9.482991537,7.947921069,5.789316838,2.879054963,5.941656673,3.541334864,5.722914536,2.095797532,1.214514636,4.360576616,4.016041076,3.900099218,4.51993912,3.067515046,3.383383434,3.03714361,3.434121796,4.39253293,4.575716656,5.045864728,6.486986114,6.651413846,3.610839813,4.643650559,6.395372937,6.965302792,6.616696642,5.702400555,4.948019199,3.825286336,6.942912949,9.664227236,10.37441312,9.52753451,8.530481653,6.832223147,2.015757499,1.76101957,1.878369585,2.073281565,2.605755941,2.37635867,2.715315097,2.154446153,2.101782377,3.074873548,2.556437945,2.387202605,1.859367,2.383915911,1.203414262,2.741011591,6.64197685,7.522925635,4.021122135,4.164389258,4.260768441,3.268403795,0.892503523,1.579456821,3.917800293,5.207232376,6.516653383,4.253273334,5.681157953,85.87953354,71.19103756,43.34273409,50.77773237,91.4409711,92.99965531,84.51471558,93.21957438,27.2134365,24.28432431,28.34530385,97.16449969,108.9954208,23.52641869,20.84293624,25.29262472,7.592859024,5.952801475,5.193515573,2.915657865,3.583829459,5.102401264,8.443259235,8.959573649,2.733429249,6.165401528,9.901274494,10.54426979,8.78874006,6.103449722,9.658164433,13.5456605,11.72388576,9.934431288,9.25616541,12.57645193,14.57338478,12.37698439,111.9112628,3.423577161,5.891984134,5.698736279,3.600682594,39.25560373,69.76155336,19.57660732,20.8790702,63.31242505
1398,panthera_tigris_tigris,ranth_20,ranth_20,unknown,3.720751936,4.792409883,4.430719854,4.404980333,2.94108083,3.278427771,2.709346669,2.987117085,2.557951191,9.630852227,2.659050707,3.142630274,3.116499859,7.404804088,8.347434761,9.480965462,7.693753633,5.841554801,2.50587996,5.872317977,3.608647485,5.753985851,2.102160969,1.8993558,3.963589579,4.057197749,3.502221717,4.777544331,3.73943235,2.720752994,3.172513326,3.080424609,4.640361266,3.617890533,4.84263142,8.143266193,6.795743882,3.822477833,4.250554154,5.933679273,6.413753583,6.165264254,4.735734733,4.614773473,3.861342443,6.455859249,9.371005068,10.32037838,10.23166288,8.84394857,7.851446641,2.170511394,2.240067812,2.761005095,2.35814006,3.167781532,3.105456404,2.839798178,2.566261154,2.392971741,2.667771312,2.512910629,2.806374517,2.830069014,2.816013712,2.323410995,2.710596574,7.136460063,7.670384679,4.370308389,3.575051127,4.717191772,3.652571942,1.044990287,1.136853769,3.934024665,5.696586182,6.505937224,4.336690995,5.49106198,94.78858595,82.47710269,41.22097049,43.99044356,83.8768035,88.14719614,85.20550437,95.63263346,29.06924224,21.46729978,30.06705935,104.0737929,101.7614945,28.91949785,18.15088723,28.07740654,7.715045046,6.066265258,5.692956627,2.177633682,4.324158312,5.630738521,8.150571782,9.15246092,3.067832121,6.968427783,9.478464285,10.07260971,8.015879913,5.818390903,9.768440663,13.7813103,12.20252341,9.827752975,9.29905731,12.78737219,14.27797069,12.79807671,118.7356044,5.453885609,7.841865867,5.956643763,6.562469757,43.29671925,70.2235556,16.906997,25.78776735,68.1796187
1399,panthera_tigris_tigris,ranth_20,ranth_20,unknown,3.596463483,4.142365414,4.0042854,4.589042725,2.464767071,3.132024242,2.580740419,3.194218999,3.104117562,10.28841309,3.226821264,2.521920378,2.129325793,6.472114622,7.765153994,8.623638703,7.279194634,5.294423178,2.470730816,5.352603333,3.27103537,5.219145565,2.038118943,1.912102781,3.182610549,3.506508064,3.305586028,4.490146896,3.451531409,3.423405086,3.178519903,2.710397106,4.394479089,3.304059668,4.29775776,7.989073626,6.113049354,2.850394804,4.180791269,6.074172377,7.289400053,5.578404048,4.522419501,4.412808928,4.233783777,6.136384831,8.952445817,10.42979045,9.628039607,8.743787692,7.391515064,2.314177255,2.21524493,2.12379096,2.078779686,2.45913253,3.054977078,2.296489946,2.576665091,2.075744231,2.58643509,2.321250661,2.523919786,2.496287546,3.220562169,2.387667109,3.00713068,7.606765265,7.355256217,3.887663422,3.290799229,4.335467432,2.93774633,0.889627085,1.187805542,3.886363757,5.252397512,6.993523758,3.930406864,6.026623858,90.74346326,100.3345027,50.07960786,39.17692888,91.38591785,80.73547601,79.9920202,101.6649204,26.58048231,22.49469923,31.37172675,98.17636054,101.7438337,21.41771843,17.6580752,26.8625272,7.422784804,5.306131325,5.248140818,2.609572783,4.378283224,4.813212021,7.915704107,10.22447619,2.119035311,6.291969932,9.676772066,9.653851858,7.665502662,5.024217278,8.901542714,12.72891613,12.24592127,9.957030722,8.610760312,11.7968284,13.44845352,13.22555469,109.1172391,4.429358107,6.381941233,5.098154609,7.086468536,41.5364244,64.3490689,15.25158687,22.67560637,61.93240573
1400,panthera_tigris_tigris,ranth_20,ranth_20,unknown,4.304219251,4.915895345,5.125801239,4.250246147,3.202444895,3.78138497,3.077591772,2.966025568,2.875463156,9.800875113,3.188217074,3.013421788,3.844562099,7.674366968,8.821774175,9.955501158,7.833811415,6.027590997,2.794183178,6.01452029,3.940980868,5.897143248,2.484325243,1.786653176,4.676888551,4.118599564,3.960303705,5.012471899,3.234730641,3.038203153,2.36309625,3.78138497,4.452023282,3.664020436,6.139528195,7.482478401,8.077238288,3.836171988,4.893854886,6.749403006,7.266483589,6.184452617,5.130928387,5.129367271,4.3973907,7.133044314,10.16844609,10.59849231,10.46506685,9.100671598,7.734448407,2.804360676,2.7952929,2.570147127,2.577258719,3.190623625,3.358840433,3.035092231,2.852373316,2.613656054,3.39850868,3.205945943,2.758081621,2.611848234,2.748431576,1.849570976,3.107375612,7.396527975,7.649553957,4.194446119,3.759584893,5.034234805,3.660931634,1.150651742,1.287328952,3.971044309,6.461723078,6.771060885,4.537226595,5.705906173,87.99716911,80.59383455,40.92137947,51.08145142,87.31571321,89.37538744,93.66741911,95.05560422,27.8165349,23.3607406,29.79814465,103.9498278,108.0244031,26.66208035,19.45036407,27.7395051,8.247227899,6.597782319,6.460328521,1.889989727,4.87960984,6.322874723,8.522135496,9.939594378,3.324563852,6.838326466,9.999350513,10.7110933,8.378553187,5.806101158,10.06995664,14.84501022,13.23278396,10.24313277,9.957635954,13.25992862,15.29111728,13.08358728,129.5890654,6.892011572,9.294444116,7.870933459,6.057743402,42.88480841,74.76058334,20.0986007,25.82865915,77.72746059
1401,panthera_tigris_tigris,ranth_20,ranth_20,unknown,4.119065145,4.262255467,5.0,3.802506871,2.828442782,2.862294255,2.851831626,2.964890579,2.484618997,10.07939783,3.460603429,2.961341042,3.795512677,7.332409329,8.69228261,9.701492131,7.724182223,5.761164056,2.931118555,5.841391388,3.860100742,5.689767619,2.164812512,1.798749142,4.787367492,4.360351536,3.663863561,4.827524306,4.582208456,2.123255724,3.055731684,3.21722177,4.259137313,3.482290217,6.123136752,8.38366625,7.331352318,3.890184987,4.667231891,6.474344918,6.589341788,6.121191399,5.174220742,5.447889211,4.16440992,7.181218831,10.14667028,10.91558286,10.4318111,9.645411687,8.703992651,2.307175591,2.769706177,2.455259279,2.458188511,2.624390879,2.884257392,2.516937003,2.299725705,2.510550784,3.139015226,3.073073408,2.802292077,2.489293313,2.564650533,1.772262658,2.802292077,7.413047909,7.743507919,4.309258994,3.52685517,5.014232794,3.720827907,0.904187877,1.32226994,3.901668752,5.894093224,6.626692382,4.161189312,5.492769892,87.24760143,79.98624324,41.8940969,50.85830168,83.50647469,87.76302094,93.43363036,94.0141757,30.07683345,22.112628,29.47294127,105.4170272,96.96180678,25.40729553,17.21985904,25.92863202,7.61963032,6.821066444,5.889408588,1.896589206,4.724836269,6.321964021,8.118732743,10.08192385,2.429193014,6.255417032,10.36409278,10.98473926,8.804471047,5.77513242,9.848954475,14.44069676,12.52078561,9.653959203,9.774142208,13.00857484,15.37113022,13.01572189,123.1892963,5.795248218,6.099154156,7.112727514,5.491342279,41.73586201,75.83587972,19.99856074,26.80129312,69.61162039
1402,panthera_tigris_tigris,ranth_20,ranth_20,unknown,3.885995975,4.711104422,5.615122769,4.232719918,2.922636583,3.394795757,3.372433746,3.302471496,2.772123463,9.784638311,2.966799803,3.165005679,3.375937574,6.991452132,8.811422215,9.999645317,8.12116813,5.816436553,2.994985662,5.94003292,4.059612397,5.770509467,2.103417327,1.922636419,5.538682858,4.110717078,3.61309817,5.169042583,4.412012741,2.670462949,2.298330459,3.736319983,4.828100578,4.197942144,6.185768976,8.643788298,7.606630315,3.217548935,4.49308008,6.800818611,7.050045006,5.760642788,4.999630265,5.515600236,4.304814336,7.443233896,10.21157297,10.76108083,10.30716189,9.814136254,8.865795855,2.634134492,2.293696204,2.613407145,2.153325508,3.069623077,3.192527985,3.093218939,2.318305183,2.648457844,3.69047383,3.600314204,3.196229039,2.765505114,2.798651565,2.584521292,2.599572897,8.10090763,7.605930872,4.266855499,3.818945013,5.326584155,3.21692563,0.771714732,1.368503615,4.304993451,5.535817528,7.255015518,4.060827697,5.850344988,83.98932541,68.89523566,49.91013106,46.10054353,90.60618647,88.75583242,86.08152931,92.73560735,27.16006792,20.94367879,30.99436952,104.6120696,102.6804336,22.50831332,17.11304138,28.15936122,7.977078674,7.461319277,5.535817528,2.647564905,4.607450613,7.461319277,7.977078674,10.21782297,2.601618642,6.739256121,10.27183034,10.85057753,8.679004585,5.59730313,9.662137427,15.43839795,12.79083305,9.911172685,9.4510867,13.33335304,16.10146173,13.17228812,130.0393691,5.595620921,7.950676251,9.419039062,6.988910432,43.18429017,75.8695498,20.01205902,29.6651849,77.0104275
1403,panthera_tigris_tigris,ranth_t24,ranth_t24,unknown,3.593042773,3.775954739,4.116992005,3.519425325,2.256112505,2.454181481,2.566992137,2.787886758,3.060930887,8.224729306,2.494579606,2.096444923,2.675939188,6.091787671,7.341448517,8.184553131,6.335458978,4.692489238,2.648959278,4.758641744,3.425911387,4.605843146,2.146739459,1.384417588,3.889975964,3.664640696,3.535281459,4.031313372,3.024427851,2.713329666,2.517373193,2.988939017,3.65694744,3.698794254,4.804549609,6.536808786,6.580174086,3.140146556,4.439168675,5.679424382,6.057985845,5.833489826,5.081558718,4.14029753,3.039346667,6.210188555,8.823223117,8.979062428,8.637115375,7.867657826,6.653967808,2.078392263,2.135066399,2.07934631,2.191360918,2.242356668,2.30516038,1.853414358,2.583012887,2.056134097,2.994905101,2.62596198,2.079155536,1.839234789,2.34457352,1.522018743,3.087639624,6.141592551,7.135621654,3.804185838,3.488052149,3.887213484,3.089297116,0.88216264,1.211855423,3.15393367,4.908595423,6.178059756,3.633927462,4.986086518,79.46728818,74.56313317,44.29268063,56.24003119,84.79581731,88.48375204,87.44861019,99.94722706,29.85178499,25.58931075,28.80530183,99.63854345,110.0353645,25.2816953,20.76365155,25.44690583,6.759892922,5.54874544,4.900922369,2.281463861,3.88693843,4.929088589,7.379549773,8.647029696,2.422294964,5.689576543,8.401752712,9.380873805,7.57231434,5.123233435,8.337248849,12.30863836,11.08665518,8.62001398,8.556321096,11.33140038,13.19700902,11.19021644,91.01309004,4.049186831,4.548988497,5.256247521,4.315747719,31.07140024,53.56049187,15.86195954,19.75842919,54.85164617
1404,panthera_tigris_tigris,ranth_t24,ranth_t24,unknown,3.53192838,3.61064118,4.044122022,3.696972877,2.113005027,2.62439524,2.59424138,2.491859354,2.633781471,7.895186202,2.464148717,2.382686138,2.549744712,6.435324175,7.238694508,8.10877906,6.600105232,4.795750311,2.442944198,4.831872836,3.276906224,4.707950117,2.249606606,1.356454749,3.614149924,3.846970832,3.301759071,4.246946069,2.932791511,2.364605547,2.181460782,3.245275361,3.835239112,3.603502383,4.515430589,6.608120067,6.750071362,3.419362785,3.883659078,5.329607578,6.263681739,5.742918201,4.339199676,3.847789217,3.650620725,6.140004323,8.57789858,9.096559688,8.864182291,7.526831705,6.437046759,2.284759951,1.834698093,1.809970044,2.322332078,2.520968181,2.401822085,1.834698093,2.249105223,2.000858154,2.853052604,2.716008701,2.085748097,2.22930019,2.214491678,1.6480066,2.787748003,6.26866513,6.662075359,3.771616501,3.299008831,3.830721792,3.473515137,0.885956942,1.115589363,3.538080218,5.351476768,5.966896597,4.252708834,4.867880552,92.69003939,88.11591865,35.37772691,51.9322337,88.60432572,89.91562489,87.30732769,92.97775086,31.99643068,23.99439046,31.48710205,103.4636224,112.2802263,30.12094909,19.55934563,27.54506671,6.926891932,5.134993247,5.348951299,2.086091007,3.877989692,4.787311412,7.274573766,8.424598296,2.888433701,5.803612159,8.589856226,9.118510887,7.334356332,5.224819377,9.01314166,12.06188518,11.31837336,9.120589386,8.586899613,10.91910162,12.89033451,11.22642812,91.83326777,3.730910912,4.729802225,5.238367726,4.434033118,30.44633597,53.34966561,15.23157255,19.7775473,55.51983119
1405,panthera_tigris_tigris,ranth_t24,ranth_t24,unknown,3.226710152,3.502643956,4.382373694,3.604583223,2.142989377,2.5630954,2.443044535,2.496246166,2.87973137,8.090632145,2.871227001,2.654450302,3.028045049,5.598680742,6.608022762,7.575189143,6.189648852,4.062468974,2.545553788,4.18799283,3.387196314,3.970755979,1.820983331,1.573287882,4.209178304,3.562831448,3.873507696,3.973339038,3.108554844,1.710615837,1.873443339,3.003167694,4.228439693,3.837386276,4.6070988,6.674240383,6.22004235,3.244235092,4.056140619,6.123245851,6.131124042,5.813925875,4.510929948,4.468632572,3.262669211,6.154729643,9.062390931,9.432739463,8.390799971,7.614590936,6.375493351,2.076188626,1.820937884,2.044808655,1.788787651,2.148590963,2.38275132,1.892812159,2.252743776,2.108870923,2.923300128,2.485596887,2.49358811,2.032814347,2.453371716,1.965432323,2.292140597,5.902549859,7.044229423,3.937873263,3.724113219,4.114970463,3.088281257,0.885040593,1.305271814,3.416646907,5.126297062,5.961480291,4.093093056,4.929006427,81.782119,80.10599555,42.87332339,55.34455762,91.66597179,80.15824109,86.60777579,93.58465263,32.62538488,30.74245296,31.55720031,100.6331479,113.2414464,26.39732841,22.90875255,25.49969353,6.017435196,5.902268972,5.124896961,2.591240036,3.368612047,5.643144968,6.276559199,8.810216124,2.274532921,5.096105405,8.731487347,9.168426768,6.939720657,4.434460457,8.695240571,11.91970417,11.08777735,9.022099484,7.61589719,10.44054232,13.10306843,11.11652378,87.24033026,3.421920852,4.443191803,5.252250609,4.423711391,26.57211068,50.58855712,16.00626689,18.85703865,54.4253693
1406,panthera_tigris_tigris,ranth_t24,ranth_t24,unknown,3.19644473,3.71257467,3.504776238,3.188745627,2.284686039,2.551698214,2.173089509,2.210748374,2.60955818,8.262810377,2.88961996,2.329213618,2.546805212,5.675858162,6.535343168,7.718618736,6.481228649,4.299947048,2.23539612,4.553892407,3.164726329,4.270632091,1.91679022,1.264935074,3.328484326,3.706145964,3.534794497,3.689577777,3.171556742,2.479804923,1.86589717,3.097588044,4.101773027,3.118363199,4.337052996,6.355420852,6.290144864,3.136036758,3.853053614,5.296305445,6.066824729,5.570268303,4.274606373,3.804690855,3.479063066,6.229722442,9.045779098,9.435217297,8.544262661,7.29822032,6.262438188,1.999713823,1.735506235,2.239109373,1.877461746,2.411399869,2.418236423,1.68291914,2.522052362,2.022153498,2.16869567,2.11109118,1.950491122,2.096967678,1.896321412,1.349492534,2.425809998,6.146902798,7.094505977,4.109222341,3.265019975,3.668131789,3.231781866,0.588241334,1.502511891,3.292836382,4.772864089,5.993198657,3.792691144,5.147223696,89.66796121,88.59613491,38.17495881,52.15707998,88.43352998,87.24668145,93.35174428,97.42111593,34.43065711,27.12300403,28.44862447,97.32530314,109.8182842,28.05314246,19.22475572,23.12112295,6.311397283,4.821582474,4.76740739,2.275353527,3.710993252,4.306919176,6.826060581,8.857667648,1.896321412,5.552946107,8.984656345,9.34268918,7.080685548,4.62189991,8.615371473,11.13297976,10.76606275,8.93991484,7.77469082,10.71492911,12.24045232,11.22470612,84.45582549,3.598602969,4.652246329,3.808084291,3.4291102,29.80137795,50.90616264,13.55942152,20.51009252,49.05715061
1407,panthera_tigris_tigris,ranth_t24,ranth_t24,unknown,3.506369636,3.6477744,4.110527599,3.453747767,2.155142049,2.502352594,2.613776145,2.70989817,2.670371557,8.373106734,2.340263275,2.829340721,2.829340721,5.70811793,6.919991613,7.948746655,6.653756498,4.522835747,2.397155865,4.734771323,3.213975331,4.495074568,2.1542122,1.328753035,3.679525852,3.64017539,3.330871037,3.887375134,2.484881367,2.683061411,2.951081065,2.685949603,3.831893018,3.022651547,4.63590342,5.911912611,6.170310688,3.144655583,3.597281691,5.438263025,5.734746648,5.540293852,4.048354335,4.015924972,3.066222823,5.992118385,8.665847743,9.328378477,8.209235356,6.997982251,5.766037182,2.212288836,1.907980964,2.022578844,2.088321209,2.453029306,2.478782029,1.988150238,2.03004932,2.559825082,2.442621966,2.306414873,2.442924252,1.943070124,2.473414112,1.499246011,2.71003441,5.769685824,7.169459153,3.670089114,3.178449939,4.13391217,3.017556096,0.515057936,1.472972311,3.418339426,4.56998642,6.120517527,3.451091941,5.027181174,87.40694105,85.87620414,36.80637182,55.78668713,88.48295569,86.39858735,93.2261205,92.43939942,31.69486309,24.66420701,29.19181746,94.74085076,112.0178523,25.46765091,19.07627291,24.47117834,6.956496055,5.217372041,4.565200536,2.228252643,3.885855218,4.728243412,7.445624684,8.396708129,2.282600268,6.195629299,8.759962287,9.36744034,7.540867672,5.153863003,8.42392577,12.1738681,10.69050395,8.478273115,8.585290794,11.16460162,12.98271383,11.19432463,86.52944434,3.770352594,4.563411482,5.371977109,4.294258815,33.19364962,51.5964556,14.15691342,18.56156544,50.75133838
1408,panthera_tigris_tigris,ranth_t27,ranth_t27,unknown,3.261861519,3.339236616,3.041696282,3.306854837,2.047670386,2.064874991,2.203195043,2.668965818,2.553236246,8.744438934,2.851084906,2.957292314,3.693760675,7.107921853,8.258473707,9.258991359,7.160660512,5.991844989,2.266628718,6.061347928,3.197643431,5.931802967,2.118244646,1.151223408,2.906855246,3.54905814,3.195893961,3.772436809,3.286622399,2.467955001,2.711159024,3.037331601,2.912972166,3.941082901,3.757559205,6.5429572,6.294710362,3.011834745,3.393298899,5.107038547,5.613484456,5.257821316,4.149985249,3.703269526,3.08526414,6.122580866,8.734529788,8.846336253,8.964067749,7.852046137,6.871300463,2.31398155,1.51763416,1.666912325,2.253469547,2.288358819,1.73621593,2.06915379,1.717007049,1.738337147,2.04839013,1.85980478,1.862378906,2.158585862,2.401509205,1.477025312,2.435034433,6.79167993,6.861264151,2.942030422,3.542195822,3.493224471,3.069842911,0.866678623,1.226307134,2.764511248,4.805260486,5.239634315,3.773692716,4.370967822,84.7347531,79.34455827,38.30572899,56.95951791,86.94137712,102.4841658,88.26944084,96.79613464,25.3128135,19.98891,22.19846008,96.835074,97.23551639,24.42796899,17.0923248,23.11719992,8.063034756,4.045091511,4.805242936,1.954675092,3.284940086,4.072239776,8.035886491,8.037445531,2.146258812,6.841362824,8.569439242,9.587681882,7.656580904,5.368084626,7.927339917,12.10812627,10.0448948,8.144660538,8.556571595,10.78360396,12.36712991,11.14051811,88.05793042,3.334316038,3.33099941,3.337632665,4.24270342,38.59153892,57.63671875,12.8438237,21.71764446,45.05269752
1409,panthera_tigris_tigris,ranth_t27,ranth_t27,unknown,2.659224443,2.855605325,3.320462675,3.49464815,2.542227703,2.280735578,2.274286869,2.478636506,2.542227703,7.971587658,2.390373262,2.283254028,2.081966088,6.449409373,7.23199208,7.479065745,5.693405242,4.477844901,2.754147179,4.325812062,3.153253683,4.248586582,1.912461227,1.190569805,3.26172111,3.663431679,3.723854048,3.907360128,2.306350111,2.739420024,2.695477427,2.813023996,3.678738806,3.214341335,4.333614211,5.787017283,5.375415339,3.215929983,3.20890107,4.623837158,5.582636006,5.73249159,4.335017521,3.514595299,3.055075931,5.570211878,7.921565231,8.247733531,9.101428306,7.941049139,5.967806557,1.657825692,1.790061957,2.099832127,1.83637266,1.769792052,2.072282115,1.602395701,1.859181324,2.287445283,1.950204162,2.092368335,1.712766776,1.759660262,2.392242514,1.483191909,2.735220961,6.384677557,6.298837455,3.773955615,3.4588951,3.944179771,3.437673775,1.439491461,0.789267494,2.976005149,5.921161192,5.057129087,4.724458142,4.013249389,82.0690677,88.48743251,41.43970962,56.49122268,85.85086595,90.17196984,100.632813,94.06645622,30.37935936,29.26412404,30.88860471,112.0070941,106.0390108,28.11966983,25.00687148,26.59520875,6.090034839,5.079240675,5.887876006,0.732825769,4.295875198,3.916827386,7.252448128,7.353527544,3.563049429,5.988955422,7.770716396,8.727616445,7.404067252,5.415182924,8.642437879,11.16927551,10.97829028,8.737707531,7.799834282,10.25959189,11.58023978,10.44171042,80.38135133,3.377053786,3.215815991,3.706872881,3.853423669,31.19967305,50.91857651,16.6339934,18.65313759,47.04823085
1410,panthera_tigris_tigris,ranth_t27,ranth_t27,unknown,3.117824542,3.394601523,4.31459936,3.590767322,2.609398907,2.689706828,2.552941514,2.682786685,2.394045171,8.12683685,2.552031166,2.541995818,2.687607954,6.15360772,7.521013439,8.327408129,6.741215276,4.881038881,2.639974559,5.074542475,3.252865654,4.824363374,1.964714022,1.35230453,4.02029518,3.736108433,3.761698213,3.75180178,3.087331899,2.88444102,2.478120021,2.757471931,3.662074328,3.775703062,4.797855676,6.676396772,5.874764937,3.110583079,3.928142641,5.963570728,6.046957825,5.298139833,4.479685592,4.728674474,3.690903388,5.957414572,8.61071416,8.882824118,8.761212141,7.928016397,6.420351459,2.051777895,1.883758933,2.303596322,1.87881838,2.386824137,2.128798777,2.345296343,1.779551904,2.654050377,2.362922447,2.556060246,2.446167296,2.065323259,2.567333893,1.597716212,2.628159036,6.304052573,6.153877434,3.670461296,3.765386315,4.157791404,3.076498652,0.685650723,1.633065336,3.134041749,4.953158465,6.010864179,3.739274381,5.02867934,80.19638324,76.65162992,47.97916936,51.8244474,90.21885437,96.79242239,98.24178419,93.42254667,29.61102838,26.8459026,26.2286806,108.5005738,103.6152647,24.98948345,22.06878617,23.19333284,7.008424095,5.617045782,4.947122891,2.112833735,3.890706023,5.075954216,7.549515661,8.563126586,2.427231403,5.900474698,8.775673657,9.526203216,7.670734383,5.09318966,8.52925646,12.62546988,10.96402264,8.767953721,8.151470605,10.95793541,13.09742618,11.33027377,91.46688797,4.021908714,4.4806639,5.484481328,4.517842324,31.42307054,55.47419087,16.36414938,17.62854772,53.40082988
1411,panthera_tigris_tigris,ranth_t27,ranth_t27,unknown,3.320699389,3.377322959,3.178424529,3.305052816,2.404653141,2.373523196,2.55285404,2.267523164,2.282383048,9.12254695,2.53564416,2.56806882,2.336749714,5.528361576,6.663757683,7.865580303,6.902177302,4.089182427,2.574575255,4.285460416,3.580119888,4.071554594,1.989706774,1.303971805,3.317844056,4.032226907,3.196303403,4.613105997,2.696973095,2.996993557,2.700075122,2.954146245,3.894702265,3.220287429,4.521822311,5.942198509,6.262039274,2.971624442,3.479941666,5.388807606,6.498989068,5.126126646,3.821977366,4.111522163,4.219407265,6.658682706,9.354608108,10.46830066,8.731414813,7.306596267,6.305436692,2.213637995,1.956546625,1.910590001,2.128214776,2.124883997,2.303724692,1.727956559,2.122610015,1.994519213,2.10310536,1.725905793,2.309726348,2.253708398,2.117598659,1.466737886,2.236643838,6.288871394,7.284707761,3.915812922,3.229397372,4.466235749,3.3551957,0.451635001,1.272116395,4.235098685,4.847707895,6.44669008,3.426165605,5.710276008,93.03405364,90.86522683,39.52883893,47.43710743,82.48142305,86.91040491,85.40143213,94.45808568,37.17194073,23.60600124,35.65364756,90.88459656,115.1048285,29.65569779,17.14748718,28.52278067,6.572249412,4.719839346,4.846716748,2.537548035,3.907823975,4.491460023,6.800628735,8.906793604,2.385295153,5.861735962,9.286871138,9.43070433,7.435015744,4.810176484,9.314045781,11.29208876,11.29439798,9.136441614,7.975655167,10.7674894,12.34912814,11.4838558,89.0128783,3.99227302,3.966194462,3.99613651,3.704443014,33.25917579,55.45782357,16.04217643,20.92466194,52.04249839
1412,panthera_tigris_tigris,ranth_t27,ranth_t27,unknown,3.321145602,3.066831038,3.767859917,3.464569832,2.47389515,2.103444943,2.505717462,2.812589896,2.426921809,8.668048667,2.44446713,2.571699396,2.874135099,5.557395665,7.500410703,8.442795955,6.729305207,4.739541194,2.760869508,5.039305663,3.403490293,4.705303665,1.931736496,1.424938502,3.577477854,3.426910346,3.947136488,3.646440051,2.901248653,3.146950948,2.578482976,3.175566461,3.037396628,4.340101827,4.306334064,6.363889957,6.327711089,2.759258635,3.918885415,5.706758946,5.937418576,4.963556657,4.601122309,4.292093842,3.558109227,6.526507184,9.361185415,9.320611099,8.141627996,7.912507404,6.289390191,2.085274222,2.047840084,2.348404577,1.788631166,2.018382054,1.620644775,2.159351448,1.576940956,2.19004719,2.480191661,2.410801902,1.989428672,2.037302637,2.530616075,1.36006334,2.826860636,6.185519587,6.852409658,3.320151608,4.111787803,3.499496208,2.388337501,0.58398543,1.789017896,3.0066628,4.415815325,6.147015651,3.37265594,5.146423138,66.25301905,72.57620071,55.32191005,58.4250709,96.72699695,102.0408925,95.90429799,95.97702666,25.25525604,27.87179899,24.65702359,93.91191288,106.1030917,17.16600424,22.48813597,21.64009185,6.718913741,5.420090267,4.396017912,2.597646948,3.521809805,4.420995287,7.718008721,8.544051207,1.980943588,5.894660382,8.806959912,9.844064637,7.911206338,5.050435007,7.768003627,12.13900401,10.56283098,8.519079078,8.371445694,10.7986928,12.9748265,11.37524042,88.33863622,4.061388733,3.095639154,4.718946909,4.397030382,32.79275064,55.22677647,16.19159024,19.01054339,50.38149604
